year,types_of_judical_executions,number_of_judical_executions
2007,MURDER,1
2007,FIREARMS,0
2007,DRUG,2
2008,MURDER,4
2008,FIREARMS,0
2008,DRUG,2
2009,MURDER,1
2009,FIREARMS,1
2009,DRUG,3
2010,MURDER,0
2010,FIREARMS,0
2010,DRUG,0
2011,MURDER,2
2011,FIREARMS,0
2011,DRUG,2
2012,MURDER,0
2012,FIREARMS,0
2012,DRUG,0
2013,MURDER,0
2013,FIREARMS,0
2013,DRUG,0
2014,MURDER,0
2014,FIREARMS,0
2014,DRUG,2
2015,MURDER,1
2015,FIREARMS,0
2015,DRUG,3
2016,MURDER,2
2016,FIREARMS,0
2016,DRUG,2
