Date,BSE High,Gold Price,High USD-INR
1/2/2006,9457.09,23132.5,45.145
1/3/2006,9546.78,23812.8961,45.145
1/4/2006,9664.94,23689.8248,44.9
1/5/2006,9679.72,23414.3424,44.765
1/6/2006,9680.92,23732.983,44.785
1/9/2006,9689.68,23991.2,44.375
1/10/2006,9600.08,23998.2418,44.46
1/12/2006,9435.26,24054.3084,44.145
1/13/2006,9471.89,23880.844,44.23
1/16/2006,9397.62,24197.0107,44.335
1/17/2006,9421.52,24861.7,44.237
1/18/2006,9302.78,24481.3125,44.38
1/19/2006,9473.86,24143.4933,44.54
1/20/2006,9556.19,24514.3954,44.48
1/23/2006,9503.4,25055.4315,44.405
1/24/2006,9574.14,24499.2,44.235
1/25/2006,9714.48,24630.4483,44.29
1/27/2006,9883.95,24767.5554,44.395
1/30/2006,9945.19,24497.1239,44.11
1/31/2006,9939.55,24733.8518,44.34
2/1/2006,9993.92,24928.5,44.285
2/2/2006,9956.1,25096.0938,44.19
2/3/2006,9837.74,25082.5547,44.245
2/6/2006,10002.83,25277.5785,44.365
2/7/2006,10099.58,25121.3465,44.28
2/8/2006,10083.53,25208.6,44.257
2/10/2006,10122.25,24677.7758,44.32
2/13/2006,10182.77,24243.771,44.287
2/14/2006,10185.06,24718.2273,44.23
2/15/2006,10191.97,24569.2618,44.265
2/16/2006,10195.42,24313.4,44.317
2/17/2006,10184.04,23843.9399,44.247
2/20/2006,10092.85,23884.6881,44.305
2/21/2006,10195.51,23845.072,44.382
2/22/2006,10237.61,24517.5388,44.507
2/23/2006,10304.88,24601.8,44.465
2/24/2006,10271.67,24580.9773,44.452
2/27/2006,10296.22,24636.1432,44.655
2/28/2006,10422.65,24456.7391,44.645
3/1/2006,10573.29,24584.855,44.482
3/2/2006,10706.22,24616.9,44.51
3/3/2006,10690,24669.7173,44.562
3/6/2006,10742.31,25035.7697,44.38
3/7/2006,10753.13,24979.7611,44.392
3/8/2006,10740.6,24987.1198,44.395
3/9/2006,10593.08,25053.3,44.39
3/10/2006,10782.34,24484.0716,44.415
3/13/2006,10884.48,24216.8539,44.5
3/14/2006,10896.39,24468.4391,44.625
3/16/2006,10889.25,23711.1958,44.32
3/17/2006,10951.38,24193.3,44.58
3/20/2006,10946.94,24266.2547,44.517
3/21/2006,11017.25,24708.5966,44.43
3/22/2006,10935.09,24500.6421,44.447
3/23/2006,10924.29,24475.7693,44.475
3/24/2006,10966.06,24675.3,44.477
3/27/2006,11101.42,24325.421,44.447
3/28/2006,11146.85,24489.0967,44.53
3/29/2006,11197.64,24330.174,44.602
3/30/2006,11338.66,24775.375,44.71
3/31/2006,11356.95,25237.9,44.7
4/3/2006,11579.1,25338.8715,44.775
4/4/2006,11710.69,25232.8934,44.735
4/5/2006,11755.2,26037.635,44.725
4/7/2006,11930.66,25936.8225,44.675
4/10/2006,11691.92,26181,44.65
4/12/2006,11702.77,26224.7946,44.735
4/13/2006,11380.83,26172.5625,44.74
4/17/2006,11560.9,26466.9739,44.7
4/18/2006,11834.77,26361.8232,44.757
4/19/2006,11986.09,26777.7,44.91
4/20/2006,12053.74,26791.1503,44.83
4/21/2006,12102,27007.6366,45.29
4/24/2006,12071.07,26770.9785,45.42
4/25/2006,11953,26770.9785,45.15
4/26/2006,11965.09,26765.1,45.195
4/27/2006,12086.91,27737.517,45.3
4/28/2006,11877.32,28126.2381,45.23
4/29/2006,12061.06,28174.9916,45.195
5/2/2006,12288.51,28101.1401,45.17
5/3/2006,12337.01,27962.7,45.12
5/4/2006,12482.91,28525.6569,45.125
5/5/2006,12443.54,28629.2672,45.15
5/8/2006,12511.07,28614.2942,45.1
5/9/2006,12546.47,28925.2557,45.1
5/10/2006,12624.37,28844.8,44.9
5/11/2006,12671.11,29632.6211,44.95
5/12/2006,12421.76,30190.7401,44.91
5/15/2006,12272.64,30186.2647,45.005
5/16/2006,11954.51,30408.2938,44.99
5/17/2006,12238.81,30282.7,44.905
5/18/2006,12163.98,31002.5562,44.98
5/19/2006,11697.11,31432.4965,44.97
5/22/2006,11142.9,32161.7228,45.11
5/23/2006,10859.2,32657.6237,45.11
5/24/2006,11000.96,31245.2,45.59
5/25/2006,10720.67,31492.9162,45.66
5/26/2006,11050.77,31599.904,45.41
5/29/2006,10992.38,31516.102,45.64
5/30/2006,10988.23,29672.5663,45.63
5/31/2006,10679.49,29727.9,45.82
6/1/2006,10597.23,30350.4527,45.62
6/2/2006,10477.35,29668.875,45.78
6/5/2006,10552.38,29487.5304,45.95
6/6/2006,10192.73,29472.8521,45.915
6/7/2006,10051.81,29607.7,46.13
6/8/2006,9664.9,30577.8463,46.305
6/9/2006,9849.2,30233.892,46.56
6/12/2006,9859.38,28965.6162,46.48
6/13/2006,9360.06,28988.6567,46.33
6/14/2006,9387.06,29375.2,45.895
6/15/2006,9589.05,28791.8389,46
6/16/2006,10118.28,28305.3001,46.07
6/19/2006,10049.94,28201.0155,46.145
6/20/2006,9958.33,28311.3547,45.98
6/21/2006,10054.05,27972.6,45.95
6/22/2006,10362.74,26873.4253,46.067
6/23/2006,10453.61,26082.4277,46.11
6/25/2006,10510.07,26177.0654,45.99
6/26/2006,10451.47,26312.1579,45.95
6/27/2006,10224.26,26223.2,45.93
6/28/2006,10204.66,26056.4774,45.965
6/29/2006,10326.05,26408.6044,45.97
6/30/2006,10626.84,26945.4446,46.135
7/3/2006,10729.92,26731.1424,46.275
7/4/2006,10800.11,27068.6,46.4
7/5/2006,10940.45,27265.0111,46.41
7/6/2006,10839.53,27010.4572,46.47
7/7/2006,10887.67,27274.0228,46.385
7/10/2006,10704.78,28245.5359,46.135
7/11/2006,10704.01,28699.3,46.105
7/12/2006,10939.68,28568.4554,46.045
7/13/2006,10922.61,28704.7231,46.102
7/14/2006,10782.98,28889.8962,46.205
7/17/2006,10647.26,29091.6197,46.14
7/18/2006,10406.43,28886.8,46.167
7/19/2006,10408.16,29121.7263,46.23
7/20/2006,10409.58,30065.7433,46.26
7/21/2006,10336.38,30091.3263,46.35
7/24/2006,10252.75,30741.6314,46.495
7/25/2006,10443.05,30507.6,46.81
7/26/2006,10648.77,30123.1121,46.835
7/27/2006,10762.67,30150.3764,47.06
7/28/2006,10787.65,30043.2965,46.89
7/31/2006,10853.91,29649.0096,46.865
8/1/2006,10777.47,28410.4,46.99
8/2/2006,10891.38,28957.4924,46.94
8/3/2006,11081.9,28730.7951,46.912
8/4/2006,11039.34,29780.5923,46.76
8/7/2006,10869.66,29737.2695,46.7
8/8/2006,11028.02,29450.8,46.6
8/9/2006,11187.65,29684.6911,46.72
8/10/2006,11213.03,30563.7387,46.717
8/11/2006,11241.11,30003.2579,46.8
8/14/2006,11330.3,30365.494,46.66
8/16/2006,11507.92,30275.1,46.61
8/17/2006,11551.59,30068.0688,46.64
8/18/2006,11508.17,30159.0209,46.62
8/21/2006,11531.6,29919.623,46.475
8/22/2006,11619.86,29977.3043,46.572
8/23/2006,11579.92,29118.1,46.64
8/24/2006,11566.89,29148.2943,46.6
8/25/2006,11635.25,29333.7465,46.6
8/28/2006,11633.35,29045.091,46.53
8/29/2006,11739.77,28524.8567,46.53
8/30/2006,11756.08,29039.9,46.49
8/31/2006,11794.43,28970.3232,46.55
9/1/2006,11795.02,29219.1983,46.59
9/4/2006,11939.96,29023.0867,46.59
9/5/2006,11945.53,28906.7617,46.612
9/6/2006,11983.48,28894.3,46.59
9/7/2006,11921.3,28516.9555,46.555
9/8/2006,11940.58,28734.6409,46.525
9/11/2006,11971.6,29014.5653,46.58
9/12/2006,11671.8,28891.2301,46.56
9/13/2006,11938.41,29141.6,46.53
9/14/2006,12003.68,29508.6855,46.375
9/15/2006,12041.7,29328.4621,46.33
9/18/2006,12114.95,28713.2981,46.245
9/19/2006,12152.6,28200.2974,46.275
9/20/2006,12128.99,27227.3,46.32
9/21/2006,12285.9,27334.6366,46.377
9/22/2006,12303.42,27202.9636,46.295
9/25/2006,12273.71,26964.2111,46.185
9/26/2006,12331.45,26450.1162,46.162
9/27/2006,12442.82,26786.5,46.19
9/28/2006,12431.79,26887.6722,46.142
9/29/2006,12485.17,26674.0844,46.12
10/3/2006,12489.28,26541.4665,45.925
10/4/2006,12419.65,27035.0964,46
10/5/2006,12415.97,26857.6,45.96
10/6/2006,12434.22,27141.6678,46.02
10/9/2006,12429.74,27250.1497,45.94
10/10/2006,12481.93,27692.7676,45.95
10/11/2006,12514.18,27520.5489,46.002
10/12/2006,12558.71,27610.5,45.79
10/13/2006,12756.23,26637.9375,45.905
10/16/2006,12953.76,26227.8481,45.77
10/17/2006,12994.45,26171.1326,45.737
10/18/2006,12920.59,25560.0984,45.7
10/19/2006,12925.6,26306.2,45.75
10/20/2006,12849.02,26174.3982,45.82
10/21/2006,12837.28,26209.0915,45.84
10/23/2006,12766.3,26134.5216,45.65
10/26/2006,12718.31,26632.3698,45.56
10/27/2006,12921.23,27039.9,45.49
10/30/2006,13039.3,26715.1993,45.46
10/31/2006,13075.85,26949.7771,45.395
11/1/2006,13050.73,27061.396,45.39
11/2/2006,13137.74,27043.8633,45.405
11/3/2006,13146.86,26439.4,45.435
11/6/2006,13206.87,26114.9625,45.28
11/7/2006,13300.69,26337.0072,45.397
11/8/2006,13202.68,26985.3801,45.342
11/9/2006,13192.89,26944.5299,45.245
11/10/2006,13303.85,27366.6,45.135
11/13/2006,13410.08,27186.8618,45.072
11/14/2006,13486.74,27554.6574,44.96
11/15/2006,13506.08,27865.4671,44.965
11/16/2006,13588.01,27914.7668,44.91
11/17/2006,13678.04,28114.3,44.95
11/20/2006,13463.06,27986.663,44.88
11/21/2006,13630.41,27854.5445,44.712
11/22/2006,13740.39,27851.7601,44.75
11/23/2006,13790.82,28137.5637,44.725
11/24/2006,13767.85,28045,45.005
11/27/2006,13799.08,28326.2864,45.23
11/28/2006,13691.12,28010.9413,45.385
11/29/2006,13711.76,28074.7031,45.35
11/30/2006,13745.16,27866.6478,45.085
12/1/2006,13857.81,28135,45.09
12/4/2006,13912.54,28021.312,45.075
12/5/2006,14028.47,28301.4711,44.83
12/6/2006,14035.3,28165.8644,44.755
12/7/2006,14002.72,28585.648,44.965
12/8/2006,14009.56,28523.4,44.695
12/11/2006,13801.98,28465.9375,44.775
12/12/2006,13492.21,28491.1411,44.722
12/13/2006,13223,28928.1787,44.78
12/14/2006,13524.77,28973.1675,44.725
12/15/2006,13669.65,28822.1,44.655
12/18/2006,13744.17,28752.2338,44.61
12/19/2006,13748.62,28426.015,44.77
12/20/2006,13568.09,28022.7596,44.785
12/21/2006,13441.36,28506.1097,44.74
12/22/2006,13493.88,28103.5,44.867
12/26/2006,13726.62,28134.3923,44.95
12/27/2006,13911.59,27940.8435,44.89
12/28/2006,13960.39,28025.9525,44.84
12/29/2006,13929.1,27872.8859,44.755
1/2/2007,13980.54,27409,44.81
1/3/2007,14035.67,27767.375,44.895
1/4/2007,14060.35,27692.8513,44.765
1/5/2007,13971.82,27683.6014,44.78
1/8/2007,13855.89,27652.5745,44.64
1/9/2007,13748.42,27662.7,44.38
1/10/2007,13569.57,27578.1176,44.615
1/11/2007,13667.8,27845.6879,44.45
1/12/2007,14070.88,27969.1534,44.39
1/15/2007,14202.12,27972.3165,44.405
1/16/2007,14211.15,27972.3,44.115
1/17/2007,14185.12,28304.779,44.267
1/18/2007,14325.92,28505.7201,44.455
1/19/2007,14300.11,27838.8331,44.495
1/22/2007,14259.07,27005.1114,44.362
1/23/2007,14212.12,27119.7,44.545
1/24/2007,14156.46,27055.5607,44.51
1/25/2007,14307.19,27106.3434,44.57
1/29/2007,14316.54,27289.0778,44.625
1/31/2007,14269.31,27532.3862,44.64
2/1/2007,14278.08,27769.8,44.405
2/2/2007,14462.77,27759.488,44.37
2/5/2007,14526.51,27685.027,44.3
2/6/2007,14564.8,28146.3731,44.37
2/7/2007,14663.26,27839.5365,44.37
2/8/2007,14697.69,28224.6,44.315
2/9/2007,14723.88,28420.9781,44.275
2/12/2007,14529.28,28419.336,44.295
2/13/2007,14363.74,28820.3759,44.29
2/14/2007,14036.61,28553.683,44.17
2/15/2007,14372.96,28514.1,44.352
2/19/2007,14479.18,28521.0552,44.14
2/20/2007,14466.76,28727.3727,44.21
2/21/2007,14312.88,29124.7144,44.175
2/22/2007,14287.03,28485.047,44.165
2/23/2007,14071.27,28646.7,44.165
2/26/2007,13723.4,28811.5885,44.14
2/27/2007,13703.41,28810.7573,44.142
2/28/2007,13298.52,28939.4336,44.155
3/1/2007,13193.13,29326.7102,44.145
3/2/2007,13254.03,29346.5,44.207
3/5/2007,12716.85,29516.7493,44.22
3/6/2007,12760.22,29486.5313,44.215
3/7/2007,12902.18,29313.4707,44.115
3/8/2007,13099.83,29261.3997,44.095
3/9/2007,13145.72,29601.9,44.18
3/12/2007,13056.86,29335.074,44.215
3/13/2007,13026.85,29220.629,44.232
3/14/2007,12694.36,29937.8504,44.295
3/15/2007,12789.81,30181.7612,44.3
3/16/2007,12638.78,30317,44.28
3/19/2007,12655,29898.1784,44.247
3/20/2007,12798.8,29407.4488,44.38
3/21/2007,12964.94,29676.5913,44.3
3/22/2007,13326.24,28885.6831,44.335
3/23/2007,13386.95,28450,44.715
3/26/2007,13345.73,28624.3414,44.602
3/28/2007,13035.56,28761.5605,44.58
3/29/2007,13004.4,28999.6293,44.577
3/30/2007,13111.87,28832.7025,44.375
4/2/2007,12811.93,28646.7,44.272
4/3/2007,12657.75,28775.111,44.345
4/4/2007,12835.36,28467.0221,44.39
4/5/2007,12899.31,28662.7184,44.27
4/9/2007,13194,28815.9095,44.225
4/10/2007,13236.2,28872.4,44.125
4/11/2007,13294.9,28841.1346,44.125
4/12/2007,13160.15,28658.9119,43.765
4/13/2007,13421.05,28996.2953,43.745
4/16/2007,13708.4,28596.0917,43.84
4/17/2007,13755.76,28704.6,43.61
4/18/2007,13762.92,28640.6434,43.395
4/19/2007,13658.11,28693.5785,43.252
4/20/2007,13915.62,28928.6646,43.8
4/23/2007,14046.52,28762.9613,43.68
4/24/2007,14197.32,28615.8,43.34
4/25/2007,14238.29,28605.9177,43.305
4/26/2007,14383.72,28953.8022,43.16
4/27/2007,14219.25,28909.9793,43.23
4/30/2007,13901.12,28909.9793,42.8
5/3/2007,14107.06,28925.1,43.085
5/4/2007,14189.21,29016.419,43.01
5/7/2007,14067.07,29077.8229,42.93
5/8/2007,13956.4,29016.7667,42.97
5/9/2007,13806.37,28984.6008,42.85
5/10/2007,13976.79,28767.8,42.57
5/11/2007,13864.18,28878.7937,42.025
5/14/2007,14026.02,28934.3837,42.095
5/15/2007,14023.86,28689.2299,42.29
5/16/2007,14159.36,28876.3165,42.085
5/17/2007,14352.98,28703.3,41.795
5/18/2007,14337.06,28344.8576,41.775
5/21/2007,14451.3,27979.0192,41.15
5/22/2007,14483.59,27525.6959,40.97
5/23/2007,14500.64,27838.4725,41.105
5/24/2007,14389.66,27885.6,41.45
5/25/2007,14364.95,27743.894,41.23
5/28/2007,14527.47,27590.0893,41.28
5/29/2007,14530.15,27719.7244,41.29
5/30/2007,14576.37,28144.3499,41.055
5/31/2007,14573.81,28147.8,40.885
6/1/2007,14682.1,27941.3429,40.86
6/4/2007,14683.36,27951.7667,41.025
6/5/2007,14571.31,27771.7626,41.325
6/6/2007,14590.82,27572.8326,41.48
6/7/2007,14362.58,27391.1,41.075
6/8/2007,14229.22,27374.8588,40.985
6/11/2007,14268.91,27230.8442,40.93
6/12/2007,14153.44,26834.7954,40.895
6/13/2007,14152.79,26736.6098,40.945
6/14/2007,14219.24,26757.6,40.785
6/15/2007,14326.55,26863.9511,40.657
6/18/2007,14283.71,26852.7385,40.627
6/19/2007,14315.18,26757.6967,40.622
6/20/2007,14449.38,26599.2666,40.665
6/21/2007,14526.44,26529.8,40.59
6/22/2007,14560.32,26732.7671,40.55
6/25/2007,14521.62,26670.5319,40.875
6/26/2007,14560.48,26762.7467,40.8
6/27/2007,14520.19,27009.9084,40.605
6/28/2007,14537.04,27193,40.555
6/29/2007,14663.25,27212.5334,40.595
7/2/2007,14745.97,27246.7409,40.73
7/3/2007,14828.39,27221.4598,40.77
7/4/2007,14906.93,26953.7052,41.24
7/5/2007,14963.26,26540.4,41.075
7/6/2007,15007.22,26375.4375,40.802
7/9/2007,15085.22,26534.2074,41.085
7/10/2007,15114.95,26721.1905,40.98
7/11/2007,15015.35,26685.6504,41.035
7/12/2007,15112.22,26682.8,40.82
7/13/2007,15330.73,26786.8681,40.82
7/16/2007,15341.38,26801.273,40.885
7/17/2007,15440.2,26485.1051,40.827
7/18/2007,15325.78,26606.889,40.8
7/19/2007,15593.31,26592.9,40.915
7/20/2007,15683.03,26488.1717,41.03
7/23/2007,15773.37,26330.9046,41.075
7/24/2007,15868.85,26430.4482,41.02
7/25/2007,15771.26,26493.2344,40.855
7/26/2007,15812.27,26622.1,40.695
7/27/2007,15495.51,26526.5651,40.615
7/30/2007,15451.81,26460.3616,40.605
7/31/2007,15568.85,26321.5543,40.545
8/1/2007,15344.02,26238.6886,40.505
8/2/2007,15134.53,26701.3,40.465
8/3/2007,15235.51,26724.4048,40.5
8/6/2007,14928.8,26788.5142,40.45
8/7/2007,15142.04,27026.9543,40.76
8/8/2007,15340.24,26943.2544,40.515
8/9/2007,15542.4,26873.1,40.445
8/10/2007,14901.31,26903.266,40.385
8/13/2007,15044.74,26940.0329,40.465
8/14/2007,15069.64,27212.693,40.47
8/16/2007,14584.92,27484.4824,40.435
8/17/2007,14318.56,27477.8,40.39
8/20/2007,14680.09,27563.5953,40.3
8/21/2007,14534.51,27229.5334,40.375
8/22/2007,14281.48,27031.1406,40.47
8/23/2007,14554.93,26763.4527,40.585
8/24/2007,14455.49,26810.6,40.64
8/27/2007,14858.93,26874.5485,40.48
8/28/2007,14952.04,26932.9073,40.575
8/29/2007,15029.53,26929.8238,40.495
8/30/2007,15200.81,27052.991,40.405
8/31/2007,15350.91,27116.8,40.535
9/3/2007,15427.16,26997.2155,40.445
9/4/2007,15521.48,27378.0142,40.777
9/5/2007,15580.86,26851.855,40.562
9/6/2007,15637.74,27169.5023,40.72
9/7/2007,15716.06,27124.5,40.665
9/10/2007,15626.28,27235.2565,40.81
9/11/2007,15698.98,27190.4375,40.72
9/12/2007,15661.44,27393.9648,41.385
9/13/2007,15650.14,27167.8948,41.73
9/14/2007,15824.65,27267,41.145
9/17/2007,15726.06,27013.3819,41.267
9/18/2007,15691.88,26970.2453,41.105
9/19/2007,16335.3,27123.7794,41.195
9/20/2007,16415.88,27158.9364,41.22
9/21/2007,16616.84,27104.8,41.07
9/24/2007,16869.64,27419.2188,41.19
9/25/2007,16928.02,27307.3078,41.39
9/26/2007,17073.87,27415.8855,41.205
9/27/2007,17188.4,27468,41.12
9/28/2007,17361.47,27457.9,40.96
10/1/2007,17425.34,27815.1721,41.005
10/3/2007,17953.07,27846.0321,41
10/4/2007,17890.49,28073.074,40.987
10/5/2007,17979.18,28523.681,40.76
10/8/2007,17982.59,28597.3,40.785
10/9/2007,18327.42,28565.5939,40.66
10/10/2007,18703.67,28552.3977,40.545
10/11/2007,18832.65,28500.538,40.48
10/12/2007,18844.62,28983.509,40.507
10/15/2007,19095.75,29160.8,40.605
10/16/2007,19174.45,28936.6433,40.63
10/17/2007,18841.29,29154.6421,40.35
10/18/2007,19198.66,29295.5285,40.085
10/19/2007,18031.77,29413.6615,39.995
10/22/2007,17704.83,28973.7,39.86
10/23/2007,18542.41,28950.5829,39.845
10/24/2007,18832.49,29173.2389,39.75
10/25/2007,18900.1,29061.4486,39.915
10/26/2007,19276.45,29606.6839,39.855
10/29/2007,20024.87,29581.2,39.87
10/30/2007,20238.16,29130.3433,39.76
10/31/2007,19984.13,28903.2852,39.905
11/1/2007,20204.21,28646.3569,39.65
11/2/2007,20025.63,29100.4342,39.56
11/5/2007,20009.35,28950.1,39.5
11/6/2007,19919.34,29029.6724,39.572
11/7/2007,19678.5,29142.2342,39.39
11/8/2007,19209.91,29437.5652,39.347
11/9/2007,19329.57,29500.309,39.46
11/12/2007,18815.11,29830.4,39.38
11/13/2007,19210.48,29780.9462,39.397
11/14/2007,19987.71,30154.9576,39.97
11/15/2007,19967.08,30405.5195,39.81
11/16/2007,19838.03,30317.7938,39.875
11/19/2007,19971.44,29971.1,39.93
11/20/2007,19714.22,30022.8981,39.845
11/21/2007,19218.88,29985.631,39.685
11/22/2007,18744.55,30358.4569,39.6
11/23/2007,18910.46,30737.4613,39.62
11/26/2007,19360.23,30976.2,39.475
11/27/2007,19211.58,30840.4688,39.495
11/28/2007,19316.76,31045.8925,39.435
11/29/2007,19297.01,31066.7031,39.345
11/30/2007,19424.99,31314.3873,39.46
12/3/2007,19619.44,31666.9,39.395
12/4/2007,19707.86,32334.5313,39.332
12/5/2007,19790.92,32800.0164,39.362
12/6/2007,20064.31,33080.4459,39.4
12/7/2007,20094.56,32702.8838,39.26
12/10/2007,20095.69,31613.7,39.43
12/11/2007,20333.06,31707.5464,39.455
12/12/2007,20419.11,31986.8135,39.44
12/13/2007,20498.11,31208.1642,39.34
12/14/2007,20171.57,31056.9163,39.415
12/17/2007,20032.67,30640,39.36
12/18/2007,19375.07,31310.8683,39.45
12/19/2007,19397.76,31436.0079,39.455
12/20/2007,19291.14,31756.4794,39.545
12/24/2007,19879,32367.4626,39.735
12/26/2007,20211.47,33025.7,39.81
12/27/2007,20323.76,32251.634,39.915
12/28/2007,20259.45,31913.6529,39.84
12/31/2007,20484.28,31585.3393,39.812
1/1/2008,20394.89,31046.1875,39.77
1/2/2008,20529.48,30974,39.64
1/3/2008,20519.7,31441.4278,39.53
1/4/2008,20762.8,31315.5623,39.5
1/7/2008,20861.83,31651.2272,39.6
1/8/2008,21077.53,31224.4952,39.555
1/9/2008,21113.13,31898.3,39.432
1/10/2008,21206.77,31828.3528,39.405
1/11/2008,20894.79,32055.3116,39.485
1/14/2008,20985.62,31547.5732,39.427
1/15/2008,20872.93,31062.8664,39.435
1/16/2008,20079.89,31270.2,39.565
1/17/2008,20026.12,31804.0648,39.68
1/18/2008,19715.78,31666.09,39.682
1/21/2008,18919.57,31448.1598,39.62
1/22/2008,17068.57,32051.221,39.46
1/23/2008,17997.11,31974.2,39.555
1/24/2008,18185.1,31970.1661,39.395
1/25/2008,18406.25,31953.9526,39.465
1/28/2008,18213.21,32679.1785,39.485
1/29/2008,18491.06,32870.5836,39.505
1/30/2008,18129.18,32862.3,39.455
1/31/2008,18008.71,32864.3,39.44
2/1/2008,18312.4,33389.4652,39.465
2/4/2008,18895.34,33845.1135,39.5
2/5/2008,18729.83,33631.4177,39.44
2/6/2008,18274.15,33764.2,39.405
2/7/2008,18198.68,34306.7072,39.31
2/8/2008,17688.73,34452.9348,39.34
2/11/2008,17427.34,34742.1766,39.33
2/12/2008,16966.72,35018.0701,39.317
2/13/2008,17141.06,35439.6,39.32
2/14/2008,17838.08,35853.5,39.305
2/15/2008,18142.92,34962.7246,39.31
2/18/2008,18256.82,34917.1053,39.35
2/19/2008,18314.1,34662.5892,39.36
2/20/2008,17991.29,34462.3,39.612
2/21/2008,17911.66,34549.3622,39.79
2/22/2008,17526.8,35161.3687,39.645
2/25/2008,17674.06,35874.4465,39.575
2/26/2008,17860.1,36149.2001,39.45
2/27/2008,18137.28,36303.1,39.5
2/28/2008,17921.51,36411.4274,39.45
2/29/2008,17779.54,36199.4094,39.46
3/3/2008,17227.56,36352.9688,39.46
3/4/2008,16754.06,35999.9823,39.475
3/5/2008,16595.64,35254,39.505
3/7/2008,16211.96,35109.4978,39.57
3/10/2008,15998.33,35686.5501,39.695
3/11/2008,16168.13,35567.1164,39.585
3/12/2008,16683.37,36310.978,39.675
3/13/2008,15873.28,36440,39.775
3/14/2008,15798.42,36372.7988,39.735
3/17/2008,15326.93,35753.2201,39.915
3/18/2008,15169.61,35891.1812,39.777
3/19/2008,15465.81,36205.2504,39.71
3/24/2008,15351.31,35935.8,39.795
3/25/2008,16262.38,36881.4538,39.98
3/26/2008,16309.88,36988.5876,40.245
3/27/2008,16111.44,37732.43,40.25
3/28/2008,16452.08,37776.5777,40.085
3/31/2008,16226.66,37477.2,40.09
4/1/2008,15834.05,37390.9839,40
4/2/2008,16236.7,38173.6964,39.995
4/3/2008,16002.73,38270.0313,39.917
4/4/2008,15896.09,38874.5719,40.025
4/7/2008,15851.88,39925.5,40.42
4/8/2008,15770.4,39701.1754,40.375
4/9/2008,15829.59,39267.4757,40.38
4/10/2008,15953.54,39284.5908,40.235
4/11/2008,15957.24,39410.5566,40.65
4/15/2008,16249.46,39261.9,40.722
4/16/2008,16413.8,39241.337,40.61
4/17/2008,16570.57,39341.9019,40.44
4/21/2008,16778.59,40234.8115,40.645
4/22/2008,16853.96,40581.5271,40.59
4/23/2008,16871.27,41193.3,40.855
4/24/2008,16844.02,40779.4122,40.75
4/25/2008,17150.92,38747.3508,40.55
4/28/2008,17271.56,37423.4324,40.55
4/29/2008,17424.94,37423.4324,40.19
4/30/2008,17480.74,37266.1,40.46
5/2/2008,17621.24,37181.2055,40.275
5/5/2008,17735.7,38012.0067,40.195
5/6/2008,17502.15,37976.4978,40.235
5/7/2008,17413.81,37267.2319,40.155
5/8/2008,17212.61,37442.7,40.17
5/9/2008,17125.95,35616.5257,40.08
5/12/2008,16897.36,35577.7419,40.065
5/13/2008,17085.63,35898.0974,40.05
5/14/2008,17014.94,36179.2403,40.06
5/15/2008,17366.19,37004.4,39.992
5/16/2008,17497.36,36613.7244,40.085
5/20/2008,17367.13,36670.821,40.06
5/21/2008,17293.34,37068.9526,40.062
5/22/2008,17104.59,37068.2388,39.975
5/23/2008,17054.34,37032.2,39.985
5/26/2008,16498.24,37157.4553,40.005
5/27/2008,16506.35,37757.4623,40
5/28/2008,16563.3,37767.6238,39.965
5/29/2008,16666.03,36280.4737,39.905
5/30/2008,16540.49,36625.2,40.01
6/2/2008,16632.72,36686.4799,40.08
6/3/2008,15985.4,35990.3158,40.09
6/4/2008,15992.9,35976.7016,40.21
6/5/2008,15814.8,35758.0519,40.295
6/6/2008,15970.7,35811.5,40.23
6/9/2008,15202.74,35615.7898,40.51
6/10/2008,15088.03,35288.5645,40.66
6/11/2008,15225.81,34533.6925,40.63
6/12/2008,15270.85,34683.6739,40.78
6/13/2008,15337.1,34720.4,40.68
6/16/2008,15553.37,36031.593,41.005
6/17/2008,15732.75,35906.475,41.47
6/18/2008,15789.62,36627.9045,41.83
6/19/2008,15259.36,36428.4525,41.775
6/20/2008,15202.01,37089.3,42.12
6/23/2008,14510.55,36425.1373,42.21
6/24/2008,14432.9,36778.5856,42.675
6/25/2008,14248.65,37673.4375,42.765
6/26/2008,14449.81,38162.8634,42.93
6/27/2008,14127.76,38562.5,42.54
6/30/2008,13872.06,38962.2686,42.81
7/1/2008,13613.82,39536.6971,42.91
7/2/2008,13712.31,39636.7139,43.21
7/3/2008,13530.68,39608.875,42.9
7/4/2008,13509.74,39627.4,42.78
7/7/2008,13793.39,38958.5104,42.99
7/8/2008,13451.67,38568.3243,42.91
7/9/2008,13998.48,37779.1448,42.94
7/10/2008,14047.43,37604.5044,42.66
7/11/2008,14066.36,37732.9,42.45
7/14/2008,13559.36,37469.2302,42.67
7/15/2008,13067.08,37791.7071,42.8
7/16/2008,12935.25,37702.7677,42.985
7/17/2008,13150.35,37993.1765,42.867
7/18/2008,13684.27,38511.9,42.932
7/21/2008,13878.88,37743.8985,42.995
7/22/2008,14206.13,37562.6405,43.005
7/23/2008,14979.9,36930.1559,42.89
7/24/2008,15130.09,37190.3631,43.01
7/25/2008,14484.39,38217,43.005
7/28/2008,14421.61,37807.5345,42.965
7/29/2008,14153.12,38073.7446,42.99
7/30/2008,14322.67,38798.2873,43
7/31/2008,14369.59,38954.4264,43.005
8/1/2008,14682.33,37918.2,43.005
8/4/2008,14725.94,38217.3642,43
8/5/2008,14986.63,37724.3083,42.95
8/6/2008,15422.82,38822.0053,42.83
8/7/2008,15280.06,39428.1505,42.91
8/8/2008,15228.82,40051.9,43.14
8/11/2008,15520.71,40626.5545,43.56
8/12/2008,15579.78,40370.06,43.46
8/13/2008,15272.56,40437.5283,43.405
8/14/2008,15033.28,40188.0926,43.3
8/18/2008,14824.92,39649.4,43.32
8/19/2008,14604.11,39847.9779,43.46
8/20/2008,14746.2,39987.6563,43.22
8/21/2008,14646.98,40393.7979,43.255
8/22/2008,14428.52,41277.9063,43.06
8/25/2008,14672.69,41478.8,43.005
8/26/2008,14495.27,42619.841,43.297
8/27/2008,14563.1,42105.8095,43.205
8/28/2008,14347.19,41342.7023,43.14
8/29/2008,14586.16,41038.9047,42.89
9/1/2008,14547.41,41042.2,42.815
9/2/2008,15106.15,41089.6884,42.905
9/4/2008,14994.15,38991.7446,42.515
9/5/2008,14601.39,39110.5498,42.205
9/8/2008,15107.01,38900.3249,42.36
9/9/2008,14998.32,39248.8,42.565
9/10/2008,14866.32,39094.7937,42.79
9/11/2008,14557.33,38018.0869,42.65
9/12/2008,14433.2,39083.8472,42.608
9/15/2008,13666.28,38648.9336,42.59
9/16/2008,13556.03,38376.6,42.55
9/17/2008,13620.74,37260.0857,42.46
9/18/2008,13346.79,37013.75,42.13
9/19/2008,14097.44,36668.3598,42.1
9/22/2008,14221.04,35860.4016,42.29
9/23/2008,13978.26,35945.7,42.235
9/24/2008,13840.81,34652.1563,42.46
9/25/2008,13716.88,34904.9235,42.775
9/26/2008,13486.2,35178.0815,43.07
9/29/2008,13113.53,33823.4243,43.01
9/30/2008,12995.2,34664.7,43.685
10/1/2008,14377.962,34397.3759,43.63
10/3/2008,14377.962,35652.3428,43.875
10/6/2008,14377.962,36269.752,43.785
10/7/2008,14377.962,35782.1899,43.56
10/8/2008,14377.962,36083,43.802
10/10/2008,14377.962,36259.8034,44.155
10/13/2008,14377.962,36185.3764,43.94
10/14/2008,14377.962,36702.7665,43.822
10/15/2008,14377.962,36597.853,43.992
10/16/2008,14377.962,36306.4,44.255
10/17/2008,14377.962,35485.3298,44.6
10/20/2008,14377.962,35707.5297,44.23
10/21/2008,14377.962,35739.0378,44.565
10/22/2008,14377.962,36097.4968,44.76
10/23/2008,14377.962,36145.9,44.655
10/24/2008,14377.962,35041.9414,44.94
10/27/2008,14377.962,34990.2004,45.195
10/28/2008,14377.962,33752.2643,45.725
10/29/2008,14377.962,34305.1744,45.97
10/31/2008,14377.962,35595.8,46.09
11/3/2008,14377.962,36546.8532,47.005
11/4/2008,14377.962,37678.4736,46.73
11/5/2008,14377.962,40056.1392,46.81
11/6/2008,14377.962,39821.9223,46.82
11/7/2008,14377.962,40382.8,45.525
11/10/2008,14377.962,41111.2662,45.975
11/11/2008,14377.962,41166.7129,46.125
11/12/2008,14377.962,41066.4575,46.56
11/14/2008,14377.962,41983.5883,46.84
11/17/2008,14377.962,42693.4,47.12
11/18/2008,14377.962,41540.5393,47.015
11/19/2008,14377.962,41030,47.24
11/20/2008,14377.962,39724.5,46.32
11/21/2008,14377.962,38982.2289,47.44
11/24/2008,14377.962,41857.7,47.88
11/25/2008,14377.962,42009.4704,48.19
11/26/2008,14377.962,43372.5081,48.81
11/28/2008,14377.962,42412.4083,47.98
12/1/2008,14377.962,43633.7154,49.315
12/2/2008,14377.962,40128.2,48.36
12/3/2008,14377.962,40022.435,48.14
12/4/2008,14377.962,41104.909,48.62
12/5/2008,14377.962,39190.0806,49.18
12/8/2008,14377.962,38352.2414,48.975
12/10/2008,14377.962,38931.2,49.05
12/11/2008,14377.962,37820.2725,49.16
12/12/2008,14377.962,36682.9146,49.515
12/15/2008,14377.962,35866.7908,49.86
12/16/2008,14377.962,35600.0599,50.16
12/17/2008,14377.962,36420.9,50.295
12/18/2008,14377.962,36433.6875,49.93
12/19/2008,14377.962,37955.5144,49.89
12/22/2008,14377.962,37520.8145,49.51
12/23/2008,14377.962,36135.5853,49.555
12/24/2008,14377.962,35493.8,49.165
12/26/2008,14377.962,35379.8593,48.945
12/29/2008,14377.962,35769.1961,47.575
12/30/2008,14377.962,36023.5988,47.985
12/31/2008,14377.962,35038.3379,47.87
1/1/2009,14377.962,35654.6,47.53
1/2/2009,14377.962,35304.3741,48.17
1/5/2009,14377.962,35737.4207,49.455
1/6/2009,14377.962,35182.6833,49.01
1/7/2009,14377.962,36620.0177,49.49
1/9/2009,14377.962,36222.9,49.415
1/12/2009,14377.962,36660.141,49.825
1/13/2009,14377.962,38111.4295,50.04
1/14/2009,14377.962,37047.5977,50.62
1/15/2009,14377.962,38755.9748,50.575
1/16/2009,14377.962,41042.8,50.275
1/19/2009,14377.962,40988.0665,50.135
1/20/2009,14377.962,40210.6171,50.02
1/21/2009,14377.962,40284.8521,49.325
1/22/2009,14377.962,40794.2255,50.275
1/23/2009,14377.962,39172.3,50.375
1/27/2009,14377.962,39116.9952,50.63
1/28/2009,14377.962,38316.3233,50.122
1/29/2009,14377.962,38561.9737,49.95
1/30/2009,14377.962,37131.6727,49.91
2/2/2009,14377.962,38049.8,49.64
2/3/2009,14377.962,38076.5505,49.35
2/4/2009,14377.962,39302.2197,49.35
2/5/2009,14377.962,40001.0162,48.825
2/6/2009,14377.962,40039.7859,49.01
2/9/2009,14377.962,39690.4,48.275
2/10/2009,14377.962,40160.5478,47.97
2/11/2009,14377.962,41457.6718,47.68
2/12/2009,14377.962,40136.8762,47.48
2/13/2009,14377.962,39497.5404,47.39
2/16/2009,14377.962,40769,48.065
2/17/2009,14377.962,41158.581,48.97
2/18/2009,14377.962,40538.6079,49.215
2/19/2009,14377.962,40538.6079,47.705
2/20/2009,14377.962,40871.7812,48.605
2/24/2009,14377.962,42626.1,48.89
2/25/2009,14377.962,42143.7246,48.68
2/26/2009,14377.962,42374.2078,48.83
2/27/2009,14377.962,42415.5,48.84
3/2/2009,14377.962,42491.9518,49.13
3/3/2009,14377.962,41450.2,48.74
3/4/2009,14377.962,41318.2503,48.78
3/5/2009,14377.962,41419.5166,48.935
3/6/2009,14377.962,41764.8725,48.78
3/9/2009,14377.962,40905.229,49.31
3/12/2009,14377.962,40392.7,48.87
3/13/2009,14377.962,40593.5394,49.145
3/16/2009,14377.962,40113.834,48.99
3/17/2009,14377.962,39714.299,49.235
3/18/2009,14377.962,40666.1512,49.005
3/19/2009,14377.962,40526.5,48.82
3/20/2009,14377.962,41988.4252,49.28
3/23/2009,14377.962,41706.6551,49.37
3/24/2009,14377.962,42264.6906,49.21
3/25/2009,14377.962,43139.4402,49.325
3/26/2009,14377.962,44192.6,48.825
3/27/2009,14377.962,43928.1304,49.06
3/30/2009,14377.962,43795.6284,48.935
3/31/2009,14377.962,43711.3188,49.06
4/1/2009,14377.962,44945.1505,49.15
4/2/2009,14377.962,44930,49.13
4/6/2009,14377.962,44157.6828,48.885
4/8/2009,14377.962,44182.0928,48.865
4/9/2009,14377.962,44868.3899,48.91
4/13/2009,14377.962,44440.2639,48.875
4/15/2009,14377.962,43475.7,48.665
4/16/2009,14377.962,44320.7445,48.8
4/17/2009,14377.962,45675.9026,48.97
4/20/2009,14377.962,46073.033,48.915
4/21/2009,14377.962,45533.11,48.965
4/22/2009,14377.962,46022.3,48.87
4/23/2009,14377.962,48095.0776,49.75
4/24/2009,14377.962,48127.6882,50.095
4/27/2009,14377.962,48662.2048,50.04
4/28/2009,14377.962,49182.9658,50.015
4/29/2009,14377.962,48972.1,49.825
5/4/2009,12161.9,49079.6166,50.01
5/5/2009,12197.88,48866.2775,50.035
5/6/2009,12272.1,47251.0949,50.505
5/7/2009,12143.95,48685.2794,51.195
5/8/2009,12180.07,48680.8,51.975
5/11/2009,12026.6,47487.5747,52.14
5/12/2009,12194.63,46824.0839,52.04
5/13/2009,12256.43,47261.4444,52.105
5/14/2009,11935.86,48381.828,51.865
5/15/2009,12219.54,47924.2,52.015
5/18/2009,14284.21,46751.7768,51.76
5/19/2009,14930.54,46648.0568,51.31
5/20/2009,14405.51,48011.2219,51.93
5/21/2009,14089.51,47778.0664,51.78
5/22/2009,13936.93,47260,51.7
5/25/2009,14028.06,47129.9361,51.535
5/26/2009,13991.46,45814.7865,51.49
5/27/2009,14122.78,48207.5942,51.11
5/28/2009,14377.23,48320.0942,50.81
5/29/2009,14727.28,47892,50.67
6/1/2009,14906.81,46852.587,50.755
6/2/2009,14994.31,47146.75,51.11
6/3/2009,15046.43,47451.9909,50.76
6/4/2009,15026.03,46731.2972,50.645
6/5/2009,15257.3,47492.7,51.33
6/8/2009,15200.82,46498.6141,51.2
6/9/2009,15161.22,46904.494,50.72
6/10/2009,15580.81,45188.2386,50.64
6/11/2009,15568.74,45553.1673,50.23
6/12/2009,15600.3,43564.7,50.148
6/15/2009,15261.03,44031.4768,50.11
6/16/2009,15022.19,44169.3909,50.68
6/17/2009,14996.39,44033.8002,50.21
6/18/2009,14630.73,44033.8002,49.81
6/19/2009,14559.08,43930.3,49.965
6/22/2009,14668.4,44277.3745,49.81
6/23/2009,14394.19,44260.4141,50.095
6/24/2009,14479.82,43813.6752,49.86
6/25/2009,14578.46,43403.1172,49.9
6/26/2009,14781.94,44139.4,50.35
6/29/2009,14955.55,44855.2,50.63
6/30/2009,14907.48,44592.3681,50.455
7/1/2009,14727.49,44803.1984,50.495
7/2/2009,14764.35,45202.5728,50.045
7/3/2009,14945.85,45613.2,50.32
7/6/2009,15097.87,45008.8645,50.57
7/7/2009,14251.88,44943.9283,50.3
7/8/2009,14039.58,44193.4035,50.025
7/9/2009,13879.18,44255.9472,49.735
7/10/2009,13897.19,44143.2,49.96
7/13/2009,13461.68,44862.9889,49.715
7/14/2009,13903.48,45154.1956,49.695
7/15/2009,14299.54,44955.6789,49.605
7/16/2009,14493.1,44696.9589,49.483
7/17/2009,14800.7,45202.6,49.54
7/20/2009,15209.36,45226.4327,49.775
7/21/2009,15234.21,45932.0321,49.755
7/22/2009,15369.42,46068.1913,50.03
7/23/2009,15264.84,45898.7004,49.65
7/24/2009,15418.61,44135.4,49.31
7/27/2009,15463.09,44184.5539,47.95
7/28/2009,15463.46,44619.1969,47.995
7/29/2009,15379.43,44416.3942,47.57
7/30/2009,15409.91,45213.8084,47.23
7/31/2009,15732.81,45386.6,47.46
8/3/2009,15963.36,45293.8431,47.95
8/4/2009,16002.46,45357.9375,47.93
8/5/2009,15973.1,45593.6847,48.105
8/6/2009,15969.81,45960.673,47.54
8/7/2009,15501.94,46090.7,47.09
8/10/2009,15417.34,46084.494,47.24
8/11/2009,15218.65,45980.5033,47.08
8/12/2009,15043.62,45826.67,47.375
8/13/2009,15545.13,45319.8059,47.19
8/14/2009,15535.47,44894.2,47.765
8/17/2009,15284.23,45400.4307,47.785
8/18/2009,15134.51,45071.8331,47.405
8/19/2009,15096.94,45105.7335,47.635
8/20/2009,15145,44622.4588,47.63
8/21/2009,15275.17,44510.3,48.005
8/24/2009,15676.35,44593.8254,47.975
8/25/2009,15735.32,44780.3125,48.17
8/26/2009,15831.49,45332.0971,48.33
8/27/2009,15853.71,44966.8074,48.3
8/28/2009,15957.67,44684.7,48.705
8/31/2009,15821.35,44697.8071,48.965
9/1/2009,15923.09,45330.7577,48.605
9/2/2009,15628.1,45545.6506,48.745
9/3/2009,15598.18,45305.4768,48.605
9/4/2009,15740.83,45002.2,48.285
9/7/2009,16035.5,44767.2214,48.06
9/8/2009,16232.16,44932.7919,48.165
9/9/2009,16215.74,44574.16,48.045
9/10/2009,16434.77,44666.7443,48.205
9/11/2009,16337.98,44875.2,48.59
9/14/2009,16252.18,44767.7972,48.755
9/15/2009,16477.23,44881.0194,48.955
9/16/2009,16700.56,44411.3347,49.07
9/17/2009,16820.02,44737,49.02
9/18/2009,16765.03,44591.5,49.455
9/22/2009,16943.49,45284.9945,48.99
9/23/2009,16905.58,45619.6248,48.89
9/24/2009,16834.1,45506.4483,48.875
9/25/2009,16812.02,45684.371,48.76
9/29/2009,16907.84,45920.2,48.58
9/30/2009,17142.52,45894.7822,48.485
10/1/2009,17195.61,46009.0796,48.7
10/5/2009,17062.01,46027.4971,48.6
10/6/2009,16988.56,45890.8409,48.42
10/7/2009,17120.56,45997.6,48.255
10/8/2009,16998.52,45527.0103,48.335
10/9/2009,16963.08,45079.0183,48.535
10/12/2009,17068.78,45091.0335,48.59
10/14/2009,17274.59,45025.0471,48.385
10/15/2009,17350.39,45724.9,47.935
10/16/2009,17347.85,45859.0678,47.76
10/17/2009,17493.17,45652.5638,47.745
10/20/2009,17457.26,45968.3376,47.795
10/21/2009,17248.69,45744.5912,47.99
10/22/2009,17031.54,45182.8,47.905
10/23/2009,17006.77,45219.0003,48.065
10/26/2009,16938.88,45813.737,48.59
10/27/2009,16699.09,45872.871,48.38
10/28/2009,16411.14,46001.6028,48.37
10/29/2009,16264.09,45669.8,49.005
10/30/2009,16360.88,45627.9886,48.945
11/3/2009,15957.06,46004.2441,48.985
11/4/2009,15929.09,45807.0399,48.84
11/5/2009,16092.38,46305.7782,48.88
11/6/2009,16283.86,46257.2,48.685
11/9/2009,16517.42,46341.6176,48.87
11/10/2009,16677.53,46013.951,48.95
11/11/2009,16887.8,46122.1191,49.06
11/12/2009,16896.62,46491.0469,48.91
11/13/2009,16909.74,46652.3,48.94
11/16/2009,17083.2,46833.1936,49.155
11/17/2009,17080.17,47243.794,49.215
11/18/2009,17098.79,48083.4384,49.035
11/19/2009,17004.98,48347.2596,48.985
11/20/2009,17041.79,48324.3,48.782
11/23/2009,17214.58,48501.3451,48.725
11/24/2009,17230.86,48480.7371,48.595
11/25/2009,17290.48,48185.1208,48.68
11/26/2009,17202.51,48874.9095,48.635
11/27/2009,16718.8,48708.4,48.81
11/30/2009,17026.91,48445.4394,48.7
12/1/2009,17218.46,48994.6864,48.505
12/2/2009,17329.68,49045.8663,48.19
12/3/2009,17361.27,48712.6144,48.29
12/4/2009,17291.83,47998.1,48.155
12/7/2009,17176.62,48636.5063,48.245
12/8/2009,17237.79,48486.9438,48.14
12/9/2009,17227.96,48422.5477,48.22
12/10/2009,17231.05,47562.2411,48.285
12/11/2009,17351.71,47590.3,47.854
12/14/2009,17275.19,47599.8933,48.155
12/15/2009,17200.47,47900.5495,48.105
12/16/2009,16996.12,47966.7552,47.92
12/17/2009,16979.52,47907.0802,47.88
12/18/2009,16899.19,47776.3,47.675
12/21/2009,16750.99,48706.9869,47.535
12/22/2009,16738.12,48543.2593,46.9
12/23/2009,17252.09,48430.5103,46.725
12/24/2009,17413.69,48800.1028,46.655
12/29/2009,17486.05,49226.6,46.705
12/30/2009,17440.05,49163.1647,46.445
12/31/2009,17530.94,48880.0267,46.484
1/4/2010,17582.84,48713.8297,46.295
1/5/2010,17729.78,48488.768,46.385
1/6/2010,17790.33,48646,46.15
1/7/2010,17733.34,48962.5909,46.265
1/8/2010,17658.12,48988.8272,46.595
1/11/2010,17776.57,49217.2097,46.845
1/12/2010,17612,49376.6727,46.605
1/13/2010,17528.31,49169.1,46.705
1/14/2010,17628.04,48627.3905,47.02
1/15/2010,17639.85,48849.4802,47.395
1/18/2010,17712.6,49116.7885,47.635
1/19/2010,17664.86,48843.5962,47.165
1/20/2010,17590.59,49887.4,47.005
1/21/2010,17474.49,50296.7037,47.445
1/22/2010,17000.33,51289.942,47.27
1/25/2010,16877.77,51210.2184,47.27
1/27/2010,16708.6,51333.3757,46.905
1/28/2010,16524.69,51414.1,46.75
1/29/2010,16390.31,51219.75,46.635
2/1/2010,16422.4,51647.2248,46.604
2/2/2010,16525.98,52008.6599,46.7
2/3/2010,16552.99,51131.7458,46.76
2/4/2010,16508.22,52234.2,46.295
2/5/2010,16222.56,52550.2697,46.39
2/6/2010,15951.07,53089.5296,46.305
2/8/2010,16061.41,53016.4804,46.77
2/9/2010,16094.13,53129.6951,46.75
2/10/2010,16141.13,54364.2,46.605
2/11/2010,16202.87,53945.7188,46.645
2/15/2010,16227.04,54510.3329,46.38
2/16/2010,16310.39,54932.8144,46.675
2/17/2010,16480.89,54417.2179,47.09
2/18/2010,16452.51,54690,46.56
2/19/2010,16301.94,55227.6563,46.492
2/22/2010,16423.23,56199.3639,46.405
2/23/2010,16324.93,55693.1526,46.325
2/24/2010,16328.44,55096.6645,46.315
2/25/2010,16329.33,53207.7,46.635
2/26/2010,16669.25,53524.5423,46.78
3/2/2010,16808.49,53096.4218,46.89
3/3/2010,17012.61,52637.4581,46.755
3/4/2010,17024.96,52302.5142,46.61
3/5/2010,17097.71,52484.7,46.76
3/8/2010,17187.55,52414.2259,46.719
3/9/2010,17130.83,53075.7368,46.825
3/10/2010,17183.51,52370.5389,47.055
3/11/2010,17215.07,51607.7524,46.935
3/12/2010,17244.54,51787.1,46.87
3/15/2010,17195.49,50736.6121,46.895
3/16/2010,17416.55,50871.0938,46.92
3/17/2010,17576.78,50632.3374,46.78
3/18/2010,17548.13,50632.3374,46.55
3/19/2010,17600.87,50626.9,46.545
3/22/2010,17559.18,51611.4826,46.72
3/23/2010,17530.79,50835.1822,46.797
3/25/2010,17575.23,50606.7999,46.7
3/26/2010,17682.94,50699.2,46.677
3/29/2010,17793.01,51932.4,46.655
3/30/2010,17783.35,51944.6908,46.305
3/31/2010,17699.5,51816.1452,46.205
4/1/2010,17706.56,51680.6709,45.89
4/5/2010,17948.54,51554.4346,45.9
4/6/2010,17991.41,52267,45.51
4/7/2010,18047.86,52629.3895,45.75
4/8/2010,17960.91,51408.2314,45.775
4/9/2010,17971.47,51926.9594,45.72
4/12/2010,17995.25,51645.4669,45.83
4/13/2010,17892.78,51784.3,45.855
4/15/2010,17975.57,51880.0624,45.9
4/16/2010,17663.99,51464.2706,46.13
4/19/2010,17584.86,51023.8226,46.23
4/20/2010,17560.09,49972.3901,46.355
4/21/2010,17565.55,50534.8,46.275
4/22/2010,17778.34,50426.1563,45.995
4/23/2010,17725.88,50763.5522,46.54
4/26/2010,17826.48,50434.2354,46.47
4/27/2010,17769.25,49794.343,46.445
4/28/2010,17643.59,50386.4,46.45
4/29/2010,17532.86,51344.8609,46.335
4/30/2010,17646.61,51273.6085,46.155
5/3/2010,17536.86,50105.7175,46.285
5/4/2010,17464.82,49435.0403,46.775
5/5/2010,17121.66,49807.1,46.89
5/6/2010,17080.47,49979.1674,46.815
5/7/2010,16939.58,49721.0446,46.685
5/10/2010,17356.54,49964.8931,46.525
5/11/2010,17379.15,50231.8368,46.515
5/12/2010,17252.52,50876.4,46.465
5/13/2010,17389.15,51535.693,46.315
5/14/2010,17329.32,51591.4902,46.175
5/17/2010,16961.92,51735.4432,46.355
5/18/2010,17000.34,51525.8806,46.51
5/19/2010,16802.39,51541.9,46.265
5/20/2010,16617.8,51193.2096,46.275
5/21/2010,16486.74,51107.4956,46.375
5/24/2010,16757.73,50790.2712,46.535
5/25/2010,16444.57,51095.8615,46.345
5/26/2010,16410.35,51338.7,46.147
5/27/2010,16694.55,51835.8968,46.094
5/28/2010,16891.17,52080.109,45.93
5/31/2010,16971.15,51977.103,45.895
6/1/2010,16942.82,51761.6702,45.835
6/2/2010,16774.15,51258.2,45.545
6/3/2010,17072.63,50906.0938,45.66
6/4/2010,17150.42,50848.2784,45.543
6/7/2010,17069.77,50358.9492,45.638
6/8/2010,16895.73,50262.466,45.565
6/9/2010,16817.69,50341.4,45.69
6/10/2010,16942.6,51215.4782,45.62
6/11/2010,17131.56,50826.4898,45.505
6/14/2010,17351.18,51028.9841,45.555
6/15/2010,17442.5,50305.766,45.538
6/16/2010,17530.38,50029.1,45.615
6/17/2010,17647.42,50225.6335,45.635
6/18/2010,17721.99,49735.4605,45.653
6/21/2010,17919.62,49736.9537,45.71
6/22/2010,17868.12,49600.1614,45.555
6/23/2010,17782.41,49809.1,45.175
6/24/2010,17845.65,49914.6259,45.17
6/25/2010,17714.73,50080.3602,45.205
6/28/2010,17794.8,50439.5202,44.925
6/29/2010,17777.95,50439.5202,44.765
6/30/2010,17725.04,49934,44.805
7/1/2010,17679.34,50356.386,44.585
7/2/2010,17598.94,50870.3879,44.603
7/5/2010,17505.73,51040.0702,44.718
7/6/2010,17643.14,51038.4491,44.465
7/7/2010,17623.66,51512.2,44.53
7/8/2010,17728.37,51068.4082,44.705
7/9/2010,17857.58,51313.0207,44.455
7/12/2010,18010.07,51305.9652,44.515
7/13/2010,17998.04,51034.4709,44.605
7/14/2010,18167.22,50825.9,44.755
7/15/2010,17978.56,50935.6457,44.655
7/16/2010,17980.27,50926.3566,44.57
7/19/2010,18005.07,50491.5431,44.605
7/20/2010,18040.17,50627.9767,44.655
7/21/2010,18012.2,51254,44.43
7/22/2010,18127.9,51089.5184,44.485
7/23/2010,18237.56,51832.8322,44.755
7/26/2010,18194.09,51943.6972,44.66
7/27/2010,18149.56,52311.5127,44.49
7/28/2010,18137.14,52506.8,44.605
7/29/2010,18013.1,52868.7634,44.64
7/30/2010,18000.35,52355.0851,44.987
8/2/2010,18104.24,53703.6746,45.485
8/3/2010,18167.45,54678.3249,45.75
8/4/2010,18249.46,53673.6,45.385
8/5/2010,18295.43,55354.7985,45.35
8/6/2010,18244.56,55829.8004,45.39
8/9/2010,18309.25,55780.3087,45.165
8/10/2010,18293.4,55908.343,45.285
8/11/2010,18263.88,56398.7,45.795
8/12/2010,18113.62,55477.6992,45.695
8/13/2010,18260.39,55406.1633,46.415
8/16/2010,18203.92,55803.4647,46.825
8/17/2010,18140.15,55383.3544,47.355
8/18/2010,18286,55760.9,47.035
8/19/2010,18475.27,57162.5002,47.765
8/20/2010,18464.14,57321.5378,47.725
8/23/2010,18454.38,57274.2428,47.075
8/24/2010,18451.73,55961.5705,46.785
8/25/2010,18312.43,55988.8,46.595
8/26/2010,18261.06,57894.5498,47.205
8/27/2010,18248.36,57086.7572,47.275
8/30/2010,18216.5,56691.8859,46.86
8/31/2010,18015.66,56389.9874,46.885
9/1/2010,18227.14,57220.4,47.455
9/2/2010,18355.84,58474.7709,47.155
9/3/2010,18316.32,57993.0017,47.145
9/6/2010,18600.3,57167.6962,47.105
9/7/2010,18711.2,57132.5836,46.93
9/8/2010,18721.21,56893.7,46.725
9/9/2010,18823.17,57029.866,46.785
9/13/2010,19243.44,57496.8337,46.675
9/14/2010,19487.02,57649.7159,46.655
9/15/2010,19554.5,57958.1062,46.285
9/16/2010,19636.66,57398.9,45.965
9/17/2010,19639.18,57158.814,46.305
9/20/2010,19927.3,56633.6225,46.355
9/21/2010,20088.96,57479.4377,46.585
9/22/2010,20105.54,58028.8423,46.655
9/23/2010,19998.32,58274,46.235
9/24/2010,20071.75,57385.7144,46.605
9/27/2010,20267.98,57777.5701,46.695
9/28/2010,20157.51,57485.8795,46.778
9/29/2010,20234.05,56188.1468,46.815
9/30/2010,20114.73,56510.2,46.845
10/1/2010,20475.47,56051.4735,46.93
10/4/2010,20706.74,56106.6019,47.155
10/5/2010,20560.54,55927.3925,46.94
10/6/2010,20669.95,56406.3106,46.795
10/7/2010,20581.29,56393.3,46.885
10/8/2010,20409.19,56841.9141,46.95
10/11/2010,20461.27,56366.8963,46.835
10/12/2010,20368.4,56310.9082,46.78
10/13/2010,20703.97,55633.1135,46.945
10/14/2010,20854.55,55654.6,47.13
10/15/2010,20578.45,56020.9599,47.435
10/18/2010,20229.39,56197.0895,47.325
10/19/2010,20332.02,56526.4375,47.35
10/20/2010,20043.82,55876.1146,47.105
10/21/2010,20293.1,55680.7,47.055
10/22/2010,20351.74,54493.0386,47.045
10/25/2010,20452.3,54101.3136,46.8
10/26/2010,20344.68,54099.8331,46.755
10/27/2010,20220.58,54247.4436,46.615
10/28/2010,20185.46,54968.1,46.325
10/29/2010,20080.33,54820.9295,46.245
11/1/2010,20609.65,55374.9094,46.315
11/2/2010,20418.35,55075.6096,46.29
11/3/2010,20538.8,55743.6998,46.203
11/4/2010,20917.03,55497.4,46.155
11/5/2010,21108.64,55337.961,46.435
11/8/2010,21075.71,56302.8613,46.71
11/9/2010,20984.08,56731.9967,47.035
11/10/2010,20970.91,56784.4005,46.835
11/11/2010,20937.38,57262.9,46.895
11/12/2010,20593.91,57186.7565,46.715
11/15/2010,20335.51,56716.1544,46.7
11/16/2010,20380.1,57437.9117,46.513
11/18/2010,20056.44,57106.8476,46.79
11/19/2010,19982.75,57189.8,46.72
11/22/2010,19989.02,57348.451,47.01
11/23/2010,19841.42,58044.936,47.03
11/24/2010,19835.57,57947.2476,46.91
11/25/2010,19628.27,57933.8357,47.01
11/26/2010,19417.61,57940,46.935
11/29/2010,19450.09,58611.8316,47.15
11/30/2010,19610.46,58348.662,47.045
12/1/2010,19887.26,58336.1511,46.86
12/2/2010,20084.25,57801.0801,46.75
12/3/2010,20067.81,58134.7,46.655
12/6/2010,20217.86,58859.8755,46.91
12/7/2010,20008.36,58546.3743,46.843
12/8/2010,19875.51,58313.5704,46.648
12/9/2010,19771.09,57918.6179,46.363
12/10/2010,19537.4,57706.9,46.415
12/13/2010,19710.57,58782.4711,46.465
12/14/2010,19836.82,58712.7754,46.46
12/15/2010,19817.61,58719.4985,46.415
12/16/2010,19897.22,58457.483,46.128
12/20/2010,20006.16,58468.1,45.885
12/21/2010,20090.84,58238.8,45.835
12/22/2010,20151.25,58964.1864,45.625
12/23/2010,20076.08,58916.2696,45.745
12/24/2010,20086.42,58695.7215,45.61
12/27/2010,20190.13,58389.4,45.205
12/28/2010,20090.41,58430.5684,45.295
12/29/2010,20274.2,58752.5093,45.105
12/30/2010,20410.91,58730.0418,44.67
12/31/2010,20552.03,58540.2067,44.845
1/3/2011,20664.8,58555.8,44.645
1/4/2011,20651.21,59420.1146,44.79
1/5/2011,20509.95,59912.5109,44.575
1/6/2011,20425.85,59448.9959,44.435
1/7/2011,20210.62,59596.1211,44.52
1/10/2011,19720.43,60018.5,44.445
1/11/2011,19431.56,60230.7434,44.79
1/12/2011,19574.63,60785.2317,44.595
1/13/2011,19522.38,60567.1854,44.325
1/14/2011,19447.82,60327.2491,44.275
1/17/2011,19018.94,60658,44.425
1/18/2011,19120.62,59391.3393,44.51
1/19/2011,19167.06,59377.9362,44.505
1/20/2011,19100.26,59517.0336,44.435
1/21/2011,19065.34,58970.2702,44.615
1/24/2011,19194.46,59326.6,44.45
1/25/2011,19340.99,59082.963,44.555
1/27/2011,19086.69,58874.021,44.635
1/28/2011,18723.12,59380.7534,44.58
1/31/2011,18395.09,59829.3523,44.585
2/1/2011,18452.06,60248.2,44.485
2/2/2011,18306,59943.8634,44.485
2/3/2011,18466.21,59679.6468,44.427
2/4/2011,18542.2,61060.9099,44.355
2/7/2011,18180.94,61702.0274,43.975
2/8/2011,18141.51,61625.1,44.47
2/9/2011,17864.32,62971.5968,44.48
2/10/2011,17636.88,61606.0923,44.465
2/11/2011,17752.56,61974.5096,44.525
2/14/2011,18227.62,62124.9511,44.885
2/15/2011,18361.66,61904.1,45.26
2/16/2011,18358.84,61129.9177,45.55
2/17/2011,18532.61,60608.7954,45.335
2/18/2011,18690.97,61065.0439,45.59
2/21/2011,18457.49,60808.535,45.415
2/22/2011,18457.9,61597,45.505
2/23/2011,18377.48,62776.1112,45.76
2/24/2011,18135.12,62723.2458,45.905
2/25/2011,17812.44,62510.3249,45.767
2/28/2011,18296.53,62119.956,45.91
3/1/2011,18478.68,62333.8,46.02
3/3/2011,18603.57,63481.8899,46.13
3/4/2011,18736.97,62867.0625,45.905
3/7/2011,18361.65,62893.9183,45.405
3/8/2011,18466.81,63311.8644,45.225
3/9/2011,18583.3,63615.5,45.055
3/10/2011,18430.84,63395.8844,44.88
3/11/2011,18368.43,62458.3214,45.22
3/14/2011,18463.84,62905.3637,45.335
3/15/2011,18326.33,61961.8787,45.37
3/16/2011,18444.47,63147.4,45.278
3/17/2011,18354.27,62682.7707,45.145
3/18/2011,18259.61,63049.2415,45.578
3/21/2011,18007.73,61805.2159,45.625
3/22/2011,18041.38,62054.6133,45.465
3/23/2011,18218.28,62755.5,45.675
3/24/2011,18373.97,62553.0841,45.49
3/25/2011,18858.3,62539.8249,45.28
3/28/2011,19024.18,62034.1183,45.185
3/29/2011,19226.21,61992.915,45.26
3/30/2011,19357.1,62143.2,45.3
3/31/2011,19575.16,61937.9632,45.265
4/1/2011,19562.55,63626.0599,45.165
4/4/2011,19729.6,63184.2336,45.06
4/5/2011,19770.21,62846.9274,44.963
4/6/2011,19811.14,62846.9,44.805
4/7/2011,19665.09,62461.6522,45.11
4/8/2011,19697.21,62004.5958,45.465
4/11/2011,19426.3,61917.7758,45.45
4/13/2011,19737.33,62041.2875,45.535
4/15/2011,19700.96,62180.9,45.57
4/18/2011,19649.22,62077.3099,45.47
4/19/2011,19201.92,62229.8737,45.225
4/20/2011,19484.77,62499.0465,45.285
4/21/2011,19695.98,62041.2875,45.465
4/25/2011,19697.49,61928.3,45.665
4/26/2011,19626.13,62182.1458,45.58
4/27/2011,19633.63,62364.2416,45.55
4/28/2011,19542.05,61267.3269,45.845
4/29/2011,19356.5,61290.4634,45.79
5/2/2011,19253.87,61346.6,45.71
5/3/2011,19024.95,60506.796,45.82
5/4/2011,18604.36,60689.5959,45.735
5/5/2011,18569.21,60873.2045,45.69
5/6/2011,18568.48,60364.0342,45.92
5/9/2011,18643.58,60915.9,46.035
5/10/2011,18689.37,60936.0967,45.95
5/11/2011,18622.44,61000.625,45.705
5/12/2011,18610.02,60576.707,45.695
5/13/2011,18724.54,61781.206,45.695
5/16/2011,18492.68,61291,45.665
5/17/2011,18435.8,61759.73,45.43
5/18/2011,18218.2,62080.1942,45.53
5/19/2011,18198.45,61884.1167,45.765
5/20/2011,18429.47,62314.3367,45.795
5/23/2011,18269.06,62121.1,45.61
5/24/2011,18110.39,62473.845,45.555
5/25/2011,17976.36,62405.58,45.535
5/26/2011,18072.61,62523.8549,45.535
5/27/2011,18298.64,62541.0989,45.35
5/30/2011,18380.17,63114,45.205
5/31/2011,18526.8,63416.2641,45.355
6/1/2011,18636.12,63599.4379,45.31
6/2/2011,18540.67,64187.9496,45.513
6/3/2011,18672.65,63568.3082,45.495
6/6/2011,18458.63,63868.9,45.315
6/7/2011,18545.95,63855.5975,45.285
6/8/2011,18505.1,64518.5361,44.955
6/9/2011,18449.64,64024.3505,45.1
6/10/2011,18399.02,64193.5741,45.052
6/13/2011,18313.21,64752.2,45.2
6/14/2011,18380.19,64295.3308,45.125
6/15/2011,18308.69,64402.1402,45.1
6/16/2011,18155.1,63843.5515,45.2
6/17/2011,18064.76,63863.3106,45.3
6/20/2011,17925.17,64200.4,45.215
6/21/2011,17714.88,63365.6157,45.377
6/22/2011,17678.86,63251.2163,45.285
6/23/2011,17754.55,63421.4147,45.295
6/24/2011,18268.95,64070.3931,45.155
6/27/2011,18494.11,64457.2,45.11
6/28/2011,18527.45,64120.0848,45.04
6/29/2011,18715.39,64561.5618,45.035
6/30/2011,18873.39,64753.25,44.915
7/1/2011,19031.38,64146.1174,44.727
7/4/2011,18942.42,63536.9,44.918
7/5/2011,18837.88,63440.1978,44.83
7/6/2011,18823.45,63791.125,44.81
7/7/2011,19097.78,64172.1848,44.74
7/8/2011,19131.7,63235.6901,44.545
7/11/2011,18843.97,63729,44.435
7/12/2011,18589.19,63683.22,44.493
7/13/2011,18626.41,64547.1377,44.3
7/14/2011,18803.05,64517.1779,44.28
7/15/2011,18936.43,64760.8533,44.17
7/18/2011,18622.56,65148.4,44.412
7/19/2011,18690.42,64387.6941,44.275
7/20/2011,18765.6,64866.0224,44.602
7/21/2011,18566.99,65233.1885,44.505
7/22/2011,18747.06,65464.3077,44.6
7/25/2011,18932.27,66371.3,44.535
7/26/2011,18944.6,66304.8707,44.71
7/27/2011,18578.55,66531.8204,44.455
7/28/2011,18327.85,66747.5044,44.45
7/29/2011,18334.27,66747.5044,44.31
8/1/2011,18440.07,66897.9,44.55
8/2/2011,18283.55,66661.2116,44.638
8/3/2011,18005.76,67141.2813,44.502
8/4/2011,18032.55,68229.9388,44.46
8/5/2011,17358.18,67892.1269,44.485
8/8/2011,17247.87,68076.4,44.38
8/9/2011,17135.04,68560.3734,44.535
8/10/2011,17256.46,68520.5594,44.627
8/11/2011,17207.82,67639.9141,44.77
8/12/2011,17246.88,66580.325,44.91
8/16/2011,17035.49,67237,44.73
8/17/2011,17000.38,67736.6768,44.805
8/18/2011,16916.81,67384.9763,44.727
8/19/2011,16287.72,67008.8631,45.005
8/22/2011,16370.46,67555.459,45.055
8/23/2011,16549.21,67691.3,45.18
8/24/2011,16533.22,66761.6657,45.14
8/25/2011,16373.84,67439.7533,45.105
8/26/2011,16256.38,67147.6613,45.045
8/29/2011,16462.03,67068.8279,45.025
8/30/2011,16714.7,68350.1,45.325
9/2/2011,16989.86,69043.2994,45.265
9/5/2011,16760.07,69200.1694,45.433
9/6/2011,16894.73,68795.6314,45.335
9/7/2011,17157.21,69237.9347,45.27
9/8/2011,17209.66,69123,45.143
9/9/2011,17211.8,69211.6397,45.093
9/12/2011,16668.25,68780.9972,45.005
9/13/2011,16766.19,69008.0828,44.985
9/14/2011,16754.22,68999.6887,44.93
9/15/2011,16922.4,69354.9,44.825
9/16/2011,17122.54,69022.8561,44.83
9/19/2011,16865.93,68752.7894,44.755
9/20/2011,17135.44,68791.2237,44.77
9/21/2011,17191.12,68395.6922,44.773
9/22/2011,16833.61,68490.5,44.92
9/23/2011,16368.41,67835.3094,44.864
9/26/2011,16209.19,68496.461,44.84
9/27/2011,16551.65,68401.5394,44.97
9/28/2011,16663.26,68979.9225,44.975
9/29/2011,16756.08,69140.3,45.065
9/30/2011,16745.16,69283.9562,44.975
10/3/2011,16255.97,69687.839,44.915
10/4/2011,16202.38,68466.4445,45.01
10/5/2011,16044.91,68156.1689,45.025
10/7/2011,16347.48,67484.9,45.15
10/10/2011,16595.93,67514.9499,45.075
10/11/2011,16774.12,67480.633,45.05
10/12/2011,16987.06,67299.6128,44.79
10/13/2011,17084.07,66115.8312,44.665
10/14/2011,17112.45,66452.8,44.55
10/17/2011,17188.55,67036.4334,44.545
10/18/2011,16824.76,67932.0735,44.505
10/19/2011,17106.99,67866.8138,44.462
10/20/2011,16962.06,68334.6743,44.42
10/21/2011,17032.32,69219.8,44.498
10/24/2011,17104.88,69315.0817,44.77
10/25/2011,17322.13,70304.9654,44.63
10/26/2011,17350.49,70777.25,44.57
10/28/2011,17908.13,70645.304,44.59
10/31/2011,17813.11,71299.4,44.67
11/1/2011,17661.78,71236.4872,44.605
11/2/2011,17615.92,70497.6952,44.505
11/3/2011,17527.1,71252.4884,44.532
11/4/2011,17702.26,71056.7032,44.417
11/8/2011,17632.23,71599.1,44.442
11/9/2011,17658.34,71251.2832,44.345
11/11/2011,17279.23,71638.1111,44.175
11/14/2011,17391.99,71123.0583,44.177
11/15/2011,17172.09,71963.3941,44.25
11/16/2011,16878.3,71558.1,44.108
11/17/2011,16807.15,72511.3713,44.34
11/18/2011,16396.69,73972.7924,44.41
11/21/2011,16297.03,74813.3244,44.58
11/22/2011,16212.95,74204.157,44.855
11/23/2011,15969.6,74635.5,45.065
11/24/2011,15901.3,78484.5452,45.395
11/25/2011,15891.05,80191.8416,45.355
11/28/2011,16186.68,79930.3882,45.455
11/29/2011,16210.37,78718.8956,45.46
11/30/2011,16179.56,78872.3,45.346
12/1/2011,16718.11,80898.7527,45.39
12/2/2011,16888.84,81283.8792,45.46
12/5/2011,16863.1,83438.8711,45.752
12/7/2011,17003.71,84536.751,45.755
12/8/2011,16847.82,85736,46.095
12/9/2011,16382.57,85601.8605,45.758
12/12/2011,16360.32,81437.6903,46.045
12/13/2011,16079.38,79611.8018,46.22
12/14/2011,16133.41,82534.0593,46.19
12/15/2011,15908.02,82301.6,46.075
12/16/2011,16068.9,84041.2277,46.145
12/19/2011,15440.1,83511.6529,45.99
12/20/2011,15448.13,83857.0278,45.76
12/21/2011,15727.31,85858.2995,45.995
12/22/2011,15834.63,86705.7,46.025
12/23/2011,15911.23,87378.4222,46.155
12/26/2011,15998.44,83558.6378,46.19
12/27/2011,16049.12,85682.4262,46.275
12/28/2011,15887.8,86187.1875,46.67
12/29/2011,15724.6,86638.2,47.235
12/30/2011,15694.05,86622.8745,47.66
1/2/2012,15542.85,86633.3389,48.005
1/3/2012,15970.31,84751.9156,47.927
1/4/2012,16004.69,84793.4089,47.525
1/5/2012,15980.17,85726.3,47.845
1/6/2012,16001.31,86450.9318,48.248
1/7/2012,15900.3,86655.6659,48.4
1/9/2012,15871.51,85368.1447,49.585
1/10/2012,16180.97,83495.7109,49.895
1/11/2012,16244.7,78851.7,49.78
1/12/2012,16178.58,81407.1168,49.365
1/13/2012,16257.34,80104.448,49.22
1/16/2012,16214.36,78996.6602,49.165
1/17/2012,16501.38,79339.4852,49.23
1/18/2012,16517.96,81409.2,49.575
1/19/2012,16662.06,80925.388,49.475
1/20/2012,16788.48,79790.8423,49.522
1/23/2012,16784,80679.052,49.26
1/24/2012,17050.32,81204.058,49.23
1/25/2012,17130.24,81264.4,49.145
1/27/2012,17258.97,82052.4139,49.4
1/30/2012,17138.04,82342.2874,49.48
1/31/2012,17238.99,81351,49.235
2/1/2012,17327.21,82247.169,49.225
2/2/2012,17504.25,82376,49.035
2/3/2012,17630.53,80400.142,49.395
2/6/2012,17829.72,81236.8808,49.25
2/7/2012,17832.04,80688.1421,49.898
2/8/2012,17809.21,82166.0525,50.33
2/9/2012,17879.46,82342.3,50.015
2/10/2012,17890.11,81980.2628,49.77
2/13/2012,17849.64,84901.0572,49.505
2/14/2012,17890.33,85049.5722,49.505
2/15/2012,18231.35,84882.4369,48.94
2/16/2012,18182.78,83818.4,48.91
2/17/2012,18423.06,83718.2146,49.385
2/21/2012,18470.86,85729.4507,49.43
2/22/2012,18523.78,86396.8907,49.562
2/23/2012,18249.53,85884.6375,49.29
2/24/2012,18198.15,87353.6,49.11
2/27/2012,17975.19,88816.5923,49.52
2/28/2012,17776.82,89521.1069,50.19
2/29/2012,18001.35,88116.0671,50.18
3/1/2012,17717.53,88871.625,50.37
3/2/2012,17731.88,89430.5,50.43
3/3/2012,17676.83,90437.013,50.745
3/5/2012,17598.42,89108.2114,50.97
3/6/2012,17691.96,88710.6548,50.955
3/7/2012,17239.35,88253.4537,51.405
3/9/2012,17531.62,88631.6,52.215
3/12/2012,17772.1,88853.4276,52.735
3/13/2012,17842.92,88025.5486,52.515
3/14/2012,18040.69,88128.4616,52.365
3/15/2012,17918.25,88198.7728,52.46
3/16/2012,17871,89196.6,52.145
3/19/2012,17561.46,89326.9145,52.13
3/20/2012,17410.13,91149.9066,52.435
3/21/2012,17622.87,90166.6736,52.21
3/22/2012,17687.01,89448.5806,51.605
3/23/2012,17458.35,89598,51.472
3/26/2012,17377.59,87812.5344,51.417
3/27/2012,17366.84,89760.0356,51.728
3/28/2012,17245.82,88759.8072,51.915
3/29/2012,17109.35,88927.7952,52.355
3/30/2012,17439.51,87679.7,52.855
4/2/2012,17529.98,89018.7972,53.525
4/3/2012,17664.1,86097.1163,53.89
4/4/2012,17553.26,84437.2127,54.33
4/9/2012,17407.66,84019.7264,53.65
4/10/2012,17274.69,84510.2,53.25
4/11/2012,17319.15,85313.8125,53.1
4/12/2012,17395.15,84436.0712,52.88
4/13/2012,17398.22,84702.6978,52.865
4/16/2012,17173.06,85086.2565,52.98
4/17/2012,17381.92,84680.2,52.94
4/18/2012,17522.8,85192.693,53.13
4/19/2012,17530.3,83239.412,53.445
4/20/2012,17519.88,81227.1938,53.495
4/23/2012,17444.18,81303.7485,53.365
4/24/2012,17247.53,81614.5,53.345
4/25/2012,17249.61,85037.5641,53.3
4/26/2012,17193.25,85416.3933,53.21
4/27/2012,17242.15,84722.9916,53.06
4/28/2012,17212.36,85221.8573,52.99
4/30/2012,17359.18,84811.7,52.885
5/2/2012,17432.33,84641.063,52.51
5/3/2012,17271.77,84838.7205,51.915
5/4/2012,17121.37,85715.8979,51.935
5/7/2012,16944.13,84285.4735,51.595
5/8/2012,16918.31,84339.2,51.8
5/9/2012,16615.74,84017.1357,51.34
5/10/2012,16671.81,82975.8429,50.875
5/11/2012,16447.24,83172.0078,50.465
5/14/2012,16390.33,83187.22,50.49
5/15/2012,16370.12,83914.1,50.42
5/16/2012,16132.68,83399.9074,50.185
5/17/2012,16240.18,82689.7339,50.255
5/18/2012,16206.35,86548.5881,50
5/21/2012,16298.39,85109.0558,49.825
5/22/2012,16366.72,86078.3,49.815
5/23/2012,16002.03,86232.0662,49.755
5/24/2012,16252.37,85729.7809,49.675
5/25/2012,16273.48,86070.4029,49.27
5/28/2012,16439.97,84428.4378,49.2
5/29/2012,16544.38,84334.1,49.145
5/30/2012,16428.74,84829.3969,49.255
5/31/2012,16277.48,85824.6279,49.265
6/1/2012,16226.19,86530.3476,49.525
6/4/2012,16012.84,84556.6554,49.77
6/5/2012,16138.29,84617.1,49.55
6/6/2012,16494.5,85006.5132,49.49
6/7/2012,16680.59,85419.5584,49.415
6/8/2012,16767.77,84433.7585,49.44
6/11/2012,16893.81,84900.8145,49.365
6/12/2012,16897.42,85393.6,49.335
6/13/2012,16944.11,86193.8757,49.335
6/14/2012,16921.49,86242.184,49.315
6/15/2012,16967.76,87419.5009,49.33
6/18/2012,17109.95,86981.9582,49.205
6/19/2012,16890,87244.4,49.31
6/20/2012,16962.49,87402.5696,49.239
6/21/2012,17050.44,86747.6903,49.11
6/22/2012,17016.06,84354.5037,49.265
6/25/2012,17131.15,84505.0173,49.605
6/26/2012,16946.66,84849.3,49.96
6/27/2012,17029.27,84059.1687,50.39
6/28/2012,17033.85,84353.068,50.762
6/29/2012,17448.48,84981.6304,50.305
7/2/2012,17486.57,84113.4138,50.085
7/3/2012,17526.82,84713.7,50.045
7/4/2012,17523.77,84373.2294,50.03
7/5/2012,17562.89,82072.7277,50.03
7/6/2012,17554.55,83034.4709,50.505
7/9/2012,17485.79,83206.726,50.445
7/10/2012,17631.19,83463.8,50.275
7/11/2012,17582.99,83491.898,50.535
7/12/2012,17329.46,83559.2402,50.695
7/13/2012,17342.88,83696.6925,51.305
7/16/2012,17282.3,85155.1797,51.245
7/17/2012,17236.08,86146.4,51.495
7/18/2012,17205.26,85894.379,51.16
7/19/2012,17318.93,85199.4457,51.025
7/20/2012,17275.2,85087.7483,51.425
7/23/2012,17047.73,84696.0493,51.405
7/24/2012,16962.74,85376.4,50.93
7/25/2012,16899.01,84969.091,50.88
7/26/2012,16899.77,82792.5701,51.24
7/27/2012,16975.03,83303.32,51.17
7/30/2012,17163.95,83303.32,51.155
7/31/2012,17253.67,83417.5,51.413
8/1/2012,17291.99,84444.0439,51.495
8/2/2012,17246.01,85287.4987,51.655
8/3/2012,17208.36,85886.0222,51.61
8/6/2012,17451.53,85708.0828,51.58
8/7/2012,17641.55,85286.5,51.735
8/8/2012,17726.64,84334.5365,51.685
8/9/2012,17702.98,85035.8849,51.84
8/10/2012,17590.61,85791.7419,52.18
8/13/2012,17642.38,85513.9195,52.205
8/14/2012,17753.43,85563.2,52.585
8/16/2012,17763.59,87044.0969,52.875
8/17/2012,17801.39,86153.8318,52.755
8/21/2012,17898.35,86866.6033,52.66
8/22/2012,17912.08,87433.5559,52.73
8/23/2012,17972.54,87029.1,52.755
8/24/2012,17822.5,87692.7949,52.735
8/27/2012,17820.07,87319.2559,53.035
8/28/2012,17712.35,87529.5358,53.475
8/29/2012,17653.9,88047.4477,53.925
8/30/2012,17605.51,86962.6,53.775
8/31/2012,17557.62,85293.0478,53.32
9/3/2012,17509.99,85003.9817,53.885
9/4/2012,17452.7,85335.9137,53.92
9/5/2012,17411.67,84777.5534,53.695
9/6/2012,17418.4,84042.1,53.975
9/7/2012,17701.2,83747.4711,54.12
9/8/2012,17773.15,84373.8748,54.52
9/10/2012,17810.9,84778.4586,54.59
9/11/2012,17867.85,86587.9979,54.915
9/12/2012,18012.89,87643.2,55.06
9/13/2012,18062.68,87733.7797,55.47
9/14/2012,18498.54,86887.2806,56.225
9/17/2012,18715.03,87490.9281,56.392
9/18/2012,18580.48,86958.1456,56.09
9/20/2012,18443.92,86895.9,55.37
9/21/2012,18866.87,88159.7723,55.89
9/24/2012,18811.13,86432.5,56.25
9/25/2012,18790.01,87493.3631,56.53
9/26/2012,18670.48,89759.339,56.29
9/27/2012,18735.95,89381.9,55.68
9/28/2012,18869.94,89365.8524,55.92
10/1/2012,18838.54,90578.99,55.645
10/3/2012,18905.62,88506.6365,55.37
10/4/2012,19107.04,87503.6161,55.66
10/5/2012,19137.29,88276.3,55.825
10/8/2012,18969.19,89343.0093,56.075
10/9/2012,18885.84,90011.7883,55.93
10/10/2012,18740.63,90130.0864,55.89
10/11/2012,18847.81,90597.1239,55.805
10/12/2012,18844.35,90322.6,56.035
10/15/2012,18726.38,91019.8646,56.135
10/16/2012,18801.1,89904.2,56.25
10/17/2012,18705.19,88995.4,56.565
10/18/2012,18806.56,89476.2,57.33
10/19/2012,18769.59,89529.2,57.135
10/22/2012,18809.28,89761.1,57.205
10/23/2012,18812.93,89776,57.25
10/25/2012,18789.92,88546.2,57.115
10/26/2012,18729.53,88937.3,56.81
10/29/2012,18743.41,88172.9,55.92
10/30/2012,18718.28,87948.3,55.45
10/31/2012,18521.62,87927.7,54.865
11/1/2012,18589.13,88147.8,55.235
11/2/2012,18793.75,88007.1,55.65
11/5/2012,18794.63,88571.4,56.08
11/6/2012,18829.07,88368.9,55.945
11/7/2012,18973.43,87736.4,55.735
11/8/2012,18865.21,87033.3,55.96
11/9/2012,18894.42,87929.6,55.935
11/12/2012,18750.92,87954.5,55.375
11/13/2012,18732.71,87244.2,55.22
11/15/2012,18593.54,87418.5,55.555
11/16/2012,18563.32,87318,55.455
11/19/2012,18386.78,87127.2,55.335
11/20/2012,18467.91,88005.1,55.985
11/21/2012,18478.5,88859.9,56.23
11/22/2012,18567.68,89912.2,56.445
11/23/2012,18556.5,89855.6,56.17
11/26/2012,18590.33,89393.8,55.635
11/27/2012,18862.7,90158.9,55.62
11/29/2012,19205.33,90119.9,55.865
11/30/2012,19372.7,88704.5,55.755
12/3/2012,19416.45,89200.4,55.9
12/4/2012,19373.94,89319.5,56.2
12/5/2012,19463.25,89392,55.655
12/6/2012,19523.25,88716.2,55.525
12/7/2012,19561.87,89064.1,55.425
12/10/2012,19478.01,89301.4,55.43
12/11/2012,19612.18,89478.8,55.475
12/12/2012,19478.79,89798.9,55.48
12/13/2012,19421.72,88922.8,55.785
12/14/2012,19348.85,89177.4,55.66
12/17/2012,19346.78,89491,56.04
12/18/2012,19396.28,90014.2,55.785
12/19/2012,19516.02,89642.2,55.675
12/20/2012,19520.51,91115.2,55.67
12/21/2012,19394.55,91116.2,55.555
12/24/2012,19347.64,92030,55.49
12/26/2012,19468.4,92376.8,55.555
12/27/2012,19504.4,92833.6,55.725
12/28/2012,19465.74,92865.9,55.895
12/31/2012,19491.58,92337.5,55.781
1/1/2013,19623.76,92380.3,55.755
1/2/2013,19756.68,91533,55.78
1/3/2013,19786.3,93937.5,55.595
1/4/2013,19797.44,94456.7,55.705
1/7/2013,19856.43,94487.9,55.995
1/8/2013,19761.78,94658.9,56.03
1/9/2013,19824.06,95722.6,55.665
1/10/2013,19783.75,96030.7,55.48
1/11/2013,19839.8,96120.4,55.545
1/14/2013,19948.63,95908.5,55.385
1/15/2013,20036.82,96048,55.485
1/16/2013,20009.36,96418.5,55.425
1/17/2013,20005.98,95376.5,54.165
1/18/2013,20126.55,95544.2,54.38
1/21/2013,20163.38,95448.7,54.025
1/22/2013,20156.86,95636,54.42
1/23/2013,20058.07,95408.3,54.295
1/24/2013,20072.28,94249.7,53.55
1/25/2013,20129.01,94553.8,53.625
1/28/2013,20172.45,93370.3,53.635
1/29/2013,20203.66,93484.8,53.6
1/30/2013,20073.46,93879.4,53.015
1/31/2013,20008.83,93647.7,53.01
2/1/2013,19966.69,93027.3,52.445
2/4/2013,19902.6,92597,52.58
2/5/2013,19717.26,92714.1,52.225
2/6/2013,19767.25,92511.1,52.045
2/7/2013,19702.56,93365.9,52.655
2/8/2013,19648.07,93553.7,52.85
2/11/2013,19543.44,93450.2,53.195
2/12/2013,19583.53,93199.8,53.18
2/13/2013,19723.01,93318,52.925
2/14/2013,19639.83,92051.4,53.165
2/15/2013,19512.89,92346.2,53.03
2/18/2013,19554.48,92485.4,53.005
2/19/2013,19671.17,93422.8,53.595
2/20/2013,19742.42,93520.1,53.995
2/21/2013,19554.65,92338,53.9
2/22/2013,19401.75,91923.5,53.845
2/25/2013,19411.18,91709,53.74
2/26/2013,19293.49,91916.5,53.83
2/27/2013,19213.02,91900.4,53.585
2/28/2013,19322.28,92306,54.09
3/1/2013,18988.97,92365.6,54.195
3/4/2013,18930.86,92611.1,54.209
3/5/2013,19164.04,92205.5,53.94
3/6/2013,19293.39,90695.1,53.875
3/7/2013,19465.52,91994.9,54.685
3/8/2013,19706.03,92066.5,54.798
3/11/2013,19754.66,93181,54.358
3/12/2013,19697.84,93276,54.677
3/13/2013,19511.97,95038.8,54.79
3/14/2013,19604.7,95308.6,55.125
3/15/2013,19673.16,94892,55.045
3/18/2013,19345.42,94864.5,55.025
3/19/2013,19378.61,93648.1,55.09
3/20/2013,19028.09,94542.4,55.195
3/21/2013,19082.29,95047.7,55.175
3/22/2013,18859.82,95490.3,55.145
3/25/2013,18950.22,95014.8,55.375
3/26/2013,18758.88,95490.6,55.29
3/28/2013,18882.54,96290.8,55.61
4/1/2013,18959.48,97389.1,55.895
4/2/2013,19060.51,96803.4,55.782
4/3/2013,19035.2,94734.2,55.72
4/4/2013,18733.62,94400.6,55.64
4/5/2013,18525.45,93661.4,54.845
4/8/2013,18504.48,94195.8,54.785
4/9/2013,18565.56,92841.5,54.975
4/10/2013,18461.44,92418.4,54.69
4/11/2013,18599.14,91722.5,54.585
4/12/2013,18337.91,92485.9,54.565
4/15/2013,18424.4,93339.8,54.575
4/16/2013,18771.33,92794,54.495
4/17/2013,18869.88,93226.7,54.345
4/18/2013,19058.8,92195.6,54.535
4/22/2013,19204.9,92403.2,54.695
4/23/2013,19210.26,93020.4,54.895
4/25/2013,19434.85,92918.1,55.065
4/26/2013,19384.95,90838.2,54.945
4/29/2013,19428.94,90537.2,54.935
4/30/2013,19622.68,90946.1,55.285
5/2/2013,19792,90758.2,55.215
5/3/2013,19744.85,90758.2,55.015
5/6/2013,19694.29,90576.5,55.115
5/7/2013,19917.88,90949,55.02
5/8/2013,20037.27,90789.6,54.98
5/9/2013,20058.48,91154.2,55.005
5/10/2013,20119.14,90641.2,54.995
5/11/2013,20146.83,92072.2,54.688
5/13/2013,20109.08,91516,54.615
5/14/2013,19831.79,90550.2,55.185
5/15/2013,20241.96,90858.9,55.345
5/16/2013,20326.48,91088.3,55.395
5/17/2013,20328.19,90770.1,55.095
5/20/2013,20443.62,91413.1,54.855
5/21/2013,20308.04,90765.5,54.885
5/22/2013,20220.35,90824.2,54.835
5/23/2013,20027.56,91797.3,54.707
5/24/2013,19833.14,91680.5,54.9
5/27/2013,20083.47,91103.2,54.78
5/28/2013,20209.82,90917.3,54.285
5/29/2013,20216.49,90746.2,53.96
5/30/2013,20254.03,90806.1,53.89
5/31/2013,20191.29,90732.6,53.885
6/3/2013,19860.19,89750.2,53.9
6/4/2013,19742.7,89308.8,53.88
6/5/2013,19604.43,89422.8,54.055
6/6/2013,19635.37,89461,54.035
6/7/2013,19711.55,89425.5,53.775
6/10/2013,19585.75,88657.1,53.39
6/11/2013,19418.74,88824.2,53.415
6/12/2013,19143.24,88779.1,53.345
6/13/2013,18914.13,88930.6,53.415
6/14/2013,19213.1,89017.9,53.265
6/17/2013,19344.28,88780.1,53.33
6/18/2013,19383.61,89260.5,53.685
6/19/2013,19274.26,88974.7,53.985
6/20/2013,19069.2,88825,54.1
6/21/2013,18820.81,88477.1,53.92
6/24/2013,18714.06,88775,54.035
6/25/2013,18802.31,87578.2,54.355
6/26/2013,18690.5,87408.2,54.455
6/27/2013,18925.75,87146.2,54.328
6/28/2013,19432.94,85892.3,54.24
7/1/2013,19598.43,85907.9,54.615
7/2/2013,19589.14,85604.7,54.555
7/3/2013,19347.11,85428.3,54.305
7/4/2013,19445.02,86044.1,54.28
7/5/2013,19640.27,86437,54.095
7/8/2013,19422.69,86367.5,54.52
7/9/2013,19486,86881.3,54.945
7/10/2013,19505.93,86379.1,55.14
7/11/2013,19723.51,86688.8,54.955
7/12/2013,19991.94,86137.1,54.92
7/15/2013,20072.44,86099.3,54.91
7/16/2013,19890.63,86071.7,54.573
7/17/2013,19983.22,85890.5,54.531
7/18/2013,20176.9,86390.8,54.428
7/19/2013,20256.6,86328.9,54.45
7/22/2013,20264.9,86232.7,54.525
7/23/2013,20351.06,86204.9,54.355
7/24/2013,20252.7,86891.2,54.35
7/25/2013,20110.81,87592.6,54.53
7/26/2013,19907.45,87403.8,54.57
7/29/2013,19751.03,87724.3,54.46
7/30/2013,19672.72,87375.3,54.435
7/31/2013,19387.5,86648.2,54.36
8/1/2013,19569.2,86883.3,54.52
8/2/2013,19451.7,87155.1,54.49
8/5/2013,19306.51,86761,54.475
8/6/2013,19131.92,86769,54.285
8/7/2013,18811.46,86761.8,54.27
8/8/2013,18829.26,85942.6,54.46
8/12/2013,19066.97,85737.3,54.54
8/13/2013,19248.11,84887.4,54.95
8/14/2013,19392.56,85953.8,54.918
8/16/2013,19310.95,85963.5,54.85
8/19/2013,18587.38,86102.1,54.665
8/20/2013,18306.46,85884.8,54.59
8/21/2013,18567.7,85339.5,54.52
8/22/2013,18349.82,83809.9,54.665
8/23/2013,18546.6,76214,54.805
8/26/2013,18728.19,74727,54.64
8/27/2013,18460.72,75481.2,54.25
8/28/2013,18101.84,75269.5,54.258
8/29/2013,18455.66,75848.5,54.043
8/30/2013,18679.26,77130.3,54.25
9/2/2013,18942.06,76503.7,54.43
9/3/2013,19007.31,77482.6,54.38
9/4/2013,18612.6,78564.4,54.285
9/5/2013,19117.52,80020.9,54.445
9/6/2013,19293.96,79619.9,54.413
9/10/2013,20012.69,78959.5,54.255
9/11/2013,20055.53,78164.4,53.815
9/12/2013,20052.05,79127.2,53.965
9/13/2013,19899.37,79156.6,54.07
9/16/2013,20086.43,79568,54.255
9/17/2013,19819.1,78148.4,54.37
9/18/2013,20013.33,79382.8,54.22
9/19/2013,20739.69,79606.7,54.365
9/20/2013,20677.99,78180,54.9
9/23/2013,20199.81,78326.4,55.035
9/24/2013,20050.42,78605.3,54.84
9/25/2013,19978.49,77261,54.915
9/26/2013,19997.28,75671.9,54.91
9/27/2013,19981.57,75124.5,55.007
9/30/2013,19651.31,74654.2,55.145
10/1/2013,19532.91,75433.9,55.485
10/3/2013,19929.24,78200.6,55.67
10/4/2013,20052,76928.4,56.025
10/7/2013,19921.38,77486.3,55.83
10/8/2013,20150.27,77266.6,55.785
10/9/2013,20277.74,77029.6,56.135
10/10/2013,20323.77,77690.3,56.415
10/11/2013,20559.69,79700.9,56.47
10/14/2013,20645.94,78789.9,56.77
10/15/2013,20759.58,79641.7,56.84
10/17/2013,20629.8,78995.5,56.75
10/18/2013,20932.23,79613.8,56.855
10/21/2013,20970.92,79576.7,57.01
10/22/2013,20948.91,79092.8,57.135
10/23/2013,20922.32,80443.6,58.16
10/24/2013,21039.42,80263.1,58.99
10/25/2013,20782.16,79923,58.398
10/28/2013,20771.36,80365.3,58.575
10/29/2013,20952.55,80043.8,57.965
10/30/2013,21086.59,80137.3,58.11
10/31/2013,21205.44,80399.8,58.885
11/1/2013,21293.88,80655.9,58.925
11/3/2013,21321.53,77001.3,59.98
11/5/2013,21158.56,76776.6,59.785
11/6/2013,21045.38,76967.6,59.84
11/7/2013,21142.85,76324.3,59.795
11/8/2013,20821.01,75071.3,60.765
11/11/2013,20672.53,74206,60.63
11/12/2013,20584.22,70963.9,60.11
11/13/2013,20365.59,73969.1,59.603
11/14/2013,20568.99,74625.8,59.73
11/18/2013,20868.76,75410.6,60.456
11/19/2013,20934.4,75230.8,60.409
11/20/2013,20895.3,73771.6,60.6
11/21/2013,20579.26,74997.6,61.225
11/22/2013,20388.12,75417.3,60.49
11/25/2013,20626.15,75134.5,60.225
11/26/2013,20604.27,76889.9,59.99
11/27/2013,20482.67,76317.9,60.21
11/28/2013,20606.38,77047.1,60.09
11/29/2013,20819.77,76611.8,59.5
12/2/2013,20941,76991.8,59.585
12/3/2013,20927.05,76456,59.791
12/4/2013,20863.37,76902.8,59.87
12/5/2013,21165.6,79255.7,59.735
12/6/2013,21049.84,79537.3,59.88
12/9/2013,21483.74,78791.7,59.765
12/10/2013,21327.75,78260.5,59.385
12/11/2013,21215.94,78562.3,59.142
12/12/2013,21103.8,79033.7,59.555
12/13/2013,20867.17,80541.4,60.845
12/16/2013,20764.52,80079.3,61.2
12/17/2013,20784.03,79490,60.915
12/18/2013,20917.57,80002.4,61.185
12/19/2013,21017.45,79440.4,61.03
12/20/2013,21117.99,77823,61.876
12/23/2013,21207.89,78476.8,61.471
12/24/2013,21156.92,78844.7,61.41
12/26/2013,21135.85,79429.5,60.68
12/27/2013,21235.14,82010.9,61.31
12/30/2013,21304.7,81483.5,61.67
12/31/2013,21230.88,81327.7,61.57
1/1/2014,21244.35,81906,61.529
1/2/2014,21331.32,84498.2,62.015
1/3/2014,20885.18,86158.8,63.23
1/6/2014,20913.79,86790,64.125
1/7/2014,20890.48,87402.4,64.55
1/8/2014,20786.41,88905.4,65.565
1/9/2014,20778.13,88201.3,64.765
1/10/2014,20971.23,88435.5,64.73
1/13/2014,21169.08,93947.2,66.31
1/14/2014,21154.76,97299.6,68.805
1/15/2014,21302.73,93721,67.875
1/16/2014,21379.29,92974,67.435
1/17/2014,21270.11,91916.3,66.305
1/20/2014,21221.37,94669.2,68.255
1/21/2014,21302.52,92685.2,68.605
1/22/2014,21377.91,91742.4,67.005
1/23/2014,21409.66,90495.5,66.295
1/24/2014,21333.66,90697.5,65.245
1/27/2014,20899.03,86452.6,64.545
1/28/2014,20795.35,86414.7,64.215
1/29/2014,20828.68,84381.1,63.985
1/30/2014,20528.41,83599.5,64.185
1/31/2014,20572.32,83153.8,62.885
2/3/2014,20480.35,83163.8,63.635
2/4/2014,20255.52,82476.9,63.455
2/5/2014,20289.33,84360.6,62.065
2/6/2014,20358.19,84577.7,62.615
2/7/2014,20450.51,82780.1,62.725
2/10/2014,20434.5,82640,62.915
2/11/2014,20443.35,82579.3,62.885
2/12/2014,20516.6,82757.7,62.435
2/13/2014,20503.86,83815.9,62.575
2/14/2014,20391.95,83052.2,63.045
2/17/2014,20492.43,80807.4,62.57
2/18/2014,20685.02,81431.6,62.46
2/19/2014,20750.52,81256.4,62.425
2/20/2014,20662.66,80490.7,61.945
2/21/2014,20725.04,81792.3,61.955
2/24/2014,20828.63,82129.9,61.955
2/25/2014,20912.54,80782.8,62.31
2/26/2014,21005.04,79676,62.295
2/28/2014,21140.51,77492.9,61.38
3/3/2014,21140,79122.5,61.555
3/4/2014,21224.64,78580.4,61.95
3/5/2014,21333.2,78657.7,61.765
3/6/2014,21525.14,80633.9,61.74
3/7/2014,21960.89,80662,61.72
3/10/2014,22023.98,81098.7,61.595
3/11/2014,22018.52,82212.8,61.845
3/12/2014,21965.95,82040.9,61.727
3/13/2014,21991.36,82729.7,61.695
3/14/2014,21853.32,82829.3,61.805
3/18/2014,22040.72,83715.1,61.605
3/19/2014,21895.83,82855.4,61.735
3/20/2014,21853.25,82774.5,61.615
3/21/2014,21870.11,81531.9,61.63
3/22/2014,21778.92,80698.3,62.025
3/24/2014,22074.34,81547.5,61.75
3/25/2014,22079.96,81201.1,61.96
3/26/2014,22172.2,82302.3,62.542
3/27/2014,22307.74,81598.5,62.763
3/28/2014,22363.97,80343.8,62.834
3/31/2014,22467.21,81137.4,63.502
4/1/2014,22485.77,81641.2,63.85
4/2/2014,22592.1,80562,63.91
4/3/2014,22620.65,81172.3,63.35
4/4/2014,22525.21,81090.3,63.262
4/7/2014,22481.62,80122.5,62.92
4/9/2014,22740.04,79301.9,62.39
4/10/2014,22792.49,78323.7,62.69
4/11/2014,22679.18,78027,63.065
4/15/2014,22737.31,78202.2,63.095
4/16/2014,22533.61,77675.1,62.7
4/17/2014,22648.69,78137.8,62.658
4/21/2014,22795.58,77663.1,62.475
4/22/2014,22853.03,77652.6,62.568
4/23/2014,22912.52,78249.9,62.655
4/25/2014,22939.31,76586.8,62.36
4/28/2014,22721.36,75852.9,62.455
4/29/2014,22681.89,76178.6,62.543
4/30/2014,22680.46,75408.1,61.96
5/2/2014,22575.62,75713,61.727
5/5/2014,22592.03,75630.2,61.22
5/6/2014,22602.71,77228.6,61.305
5/7/2014,22532.82,77345.1,61.435
5/8/2014,22443.13,75781.7,61.94
5/9/2014,23048.49,76550.3,62.297
5/12/2014,23572.88,76218,62.22
5/13/2014,24068.94,76197.3,62.04
5/14/2014,23964.67,76414,62.203
5/15/2014,23971.78,74787.1,62.49
5/16/2014,25375.63,74257.9,62.465
5/19/2014,24448.47,74162.3,62.15
5/20/2014,24587.16,74046,61.975
5/21/2014,24419.54,74098.2,61.8
5/22/2014,24524.76,74020.3,62.17
5/23/2014,24745.86,75243.7,62.175
5/26/2014,25175.22,74497.7,62.17
5/27/2014,24777.31,74578.4,62.015
5/28/2014,24643.33,74570.6,61.995
5/29/2014,24528.2,76368.3,62.415
5/30/2014,24353.59,76835.3,62.565
6/2/2014,24709.09,77516.8,62.465
6/3/2014,24892.06,76313.7,62.475
6/4/2014,24925.9,75860.7,62.282
6/5/2014,25044.06,76097.8,62.245
6/6/2014,25419.14,76546.3,62.005
6/9/2014,25644.77,76596,61.64
6/10/2014,25711.11,76917.2,61.49
6/11/2014,25725.12,76007.8,61.72
6/12/2014,25611.32,76291.4,61.71
6/13/2014,25688.31,76956.2,61.555
6/16/2014,25268.41,77291.4,61.675
6/17/2014,25545.88,76706.5,61.945
6/18/2014,25609.28,76793.1,62.025
6/19/2014,25425.85,78110.2,62.05
6/20/2014,25276.31,79409.2,62.745
6/23/2014,25197.5,79550.2,63.325
6/24/2014,25414.69,78209.4,63.195
6/25/2014,25427.8,78905.2,62.59
6/26/2014,25309.33,77792.9,62.905
6/27/2014,25209.61,78343.9,62.755
6/30/2014,25460.96,79032.8,62.79
7/1/2014,25571.9,78015.6,62.835
7/2/2014,25864.53,78462.7,62.62
7/3/2014,25999.08,78399.3,62.55
7/4/2014,25981.51,78460.1,62.415
7/7/2014,26123.55,79742.3,62.505
7/8/2014,26190.44,79843,62.455
7/9/2014,25683.97,80084.4,62.185
7/10/2014,25920.46,80729.1,62.465
7/11/2014,25548.33,81708,62.37
7/14/2014,25095.76,82092.6,62.085
7/15/2014,25254.48,82005.4,62.31
7/16/2014,25602.78,82095.5,62.24
7/17/2014,25613.03,81977.4,62.45
7/18/2014,25713.4,82233.4,62.19
7/21/2014,25861.15,82715.8,62.16
7/22/2014,26050.38,82964.4,62.05
7/23/2014,26188.64,82549.2,62.055
7/24/2014,26292.66,82579.5,61.995
7/25/2014,26300.17,81944.5,62.14
7/28/2014,26181.83,83756.7,62.09
7/30/2014,26113.48,82627.7,62.155
7/31/2014,26118.88,82593.2,61.91
8/1/2014,25862.68,82093.9,61.535
8/4/2014,25754.42,81590.5,61.175
8/5/2014,25928.32,81816,61.335
8/6/2014,25901.68,82074.1,60.975
8/7/2014,25778.05,83653.8,61.295
8/8/2014,25406.87,83733.3,61.185
8/11/2014,25553.44,84768.9,61.555
8/12/2014,25904.98,84054,61.13
8/13/2014,25972.62,82917.7,61.215
8/14/2014,26135,81584.5,61.185
8/18/2014,26413.11,81418.1,61.39
8/19/2014,26530.67,81379.1,61.205
8/20/2014,26504.52,79595.3,60.855
8/21/2014,26464.8,79473.3,60.605
8/22/2014,26508.27,78455.2,60.305
8/25/2014,26630.74,78181.2,60.355
8/26/2014,26481.97,77587.9,60.19
8/27/2014,26599.12,77472.7,60.02
8/28/2014,26674.38,77057.1,60.045
9/1/2014,26900.3,77423.1,59.915
9/2/2014,27082.85,77284,60.3
9/3/2014,27225.85,77971.2,60.398
9/4/2014,27169.12,78115.4,60.25
9/5/2014,27178.8,78684.6,60.15
9/8/2014,27354.99,78287.2,60.155
9/9/2014,27328.27,79440,60.295
9/10/2014,27251.44,79343.6,60.345
9/11/2014,27150.78,79810.1,60.255
9/12/2014,27096.87,78178.5,60.355
9/15/2014,26998.07,78597.6,60.425
9/16/2014,26861.29,78375.2,60.505
9/17/2014,26682.64,78310.2,60.295
9/18/2014,27132.2,78716.9,60.615
9/19/2014,27247.17,78189.4,60.885
9/22/2014,27254.8,78580.2,61.195
9/23/2014,27256.87,78813.8,61.14
9/24/2014,26844.7,78855.8,61.15
9/25/2014,26814.2,78784.4,60.74
9/26/2014,26721.03,78215.4,60.635
9/29/2014,26715.77,77722.3,60.415
9/30/2014,26851.33,77131.9,60.27
10/1/2014,26683.7,77092.8,60.285
10/7/2014,26570.38,77163.3,60.25
10/8/2014,26338.31,78459.9,60.245
10/9/2014,26688.7,77721.1,60.155
10/10/2014,26555.92,77129.9,60.1
10/13/2014,26443.16,77313.6,60.1
10/14/2014,26550.79,77931.5,60.115
10/16/2014,26462.08,77180.6,59.965
10/17/2014,26248.54,77675.4,59.515
10/20/2014,26517.9,77037.2,59.615
10/21/2014,26615.41,75940.2,59.365
10/22/2014,26818.33,75984.7,58.615
10/23/2014,26930.23,75903.3,58.825
10/27/2014,26994.96,75516.5,58.875
10/28/2014,26907.14,75663.6,58.7
10/29/2014,27126.3,75404.2,58.555
10/30/2014,27390.6,75759.4,58.925
10/31/2014,27894.32,75305.5,59.097
11/3/2014,27969.82,74426.5,59.22
11/5/2014,28010.39,73957.1,59.085
11/7/2014,27980.93,73967.1,59.195
11/10/2014,28027.96,73787.3,59.275
11/11/2014,27996.92,73732.4,59.432
11/12/2014,28126.48,73749.9,59.465
11/13/2014,28098.74,74235.7,59.37
11/14/2014,28093.23,73845.8,59.315
11/17/2014,28205.71,74182.1,59.21
11/18/2014,28282.85,74549.8,59.35
11/19/2014,28294.01,74861.8,59.37
11/20/2014,28118.53,74919.7,59.375
11/21/2014,28360.66,75998.1,59.81
11/24/2014,28541.96,76702.6,60.24
11/25/2014,28541.22,76202.1,60.525
11/26/2014,28470.15,76540.5,60.545
11/27/2014,28498.3,77631.7,60.225
11/28/2014,28822.37,79124.1,60.345
12/1/2014,28809.64,79085.8,60.305
12/2/2014,28576.39,79307.8,60.175
12/3/2014,28504.65,79176.2,60.4
12/4/2014,28808.78,79078.9,60.26
12/5/2014,28651.75,79168.6,60.21
12/8/2014,28494.85,79024.9,60.28
12/9/2014,28157.53,79749.6,60.2
12/10/2014,27905.25,79013,60.095
12/11/2014,27796.34,78588.9,59.85
12/12/2014,27692.32,78851.6,59.83
12/15/2014,27392.18,78803,60.06
12/16/2014,27199.37,78573.2,60.005
12/17/2014,26871.91,79044.6,59.95
12/18/2014,27180.92,80671.3,60.225
12/19/2014,27497.12,80121.4,60.315
12/22/2014,27725.27,78516.7,60.215
12/23/2014,27851.1,78704.8,60.25
12/24/2014,27571.25,78229.1,60.275
12/26/2014,27370.63,78332.4,60.2
12/29/2014,27507.25,79036.3,60.455
12/30/2014,27478.3,79162.1,60.34
12/31/2014,27527.24,78975.3,60.305
1/1/2015,27545.61,78453.8,60.21
1/2/2015,27937.47,77779,60.165
1/5/2015,28064.49,77814.5,60.195
1/6/2015,27698.93,78355.4,60.17
1/7/2015,27051.6,78149.9,60.14
1/8/2015,27316.41,77773.6,60.245
1/9/2015,27507.67,78130.3,60.565
1/12/2015,27620.66,79056.8,61.225
1/13/2015,27670.19,78720.5,61.205
1/14/2015,27512.8,78177,61.005
1/15/2015,28194.61,80362.8,61.525
1/16/2015,28176.1,80064,61.555
1/19/2015,28334.06,80182.9,61.745
1/20/2015,28829.29,79990.6,61.265
1/21/2015,28958.1,80655.5,61.225
1/22/2015,29060.41,80150.1,61.315
1/23/2015,29408.73,79913.3,61.12
1/27/2015,29618.59,78757.9,60.85
1/28/2015,29786.32,78829.4,60.78
1/29/2015,29740.63,78749.4,60.785
1/30/2015,29844.16,78567.6,60.885
2/2/2015,29268.13,77401.3,60.8
2/3/2015,29253.06,77209.8,60.56
2/4/2015,29133.62,77356.6,60.58
2/5/2015,29277.83,77687.3,60.58
2/6/2015,28922.85,77439.6,60.515
2/9/2015,28566.5,78185.4,60.698
2/10/2015,28633.72,77890.7,60.55
2/11/2015,28618.91,77820.4,60.535
2/12/2015,28838.52,76906.9,60.695
2/13/2015,29154.67,76423.5,60.695
2/16/2015,29325.35,76582.4,60.49
2/18/2015,29411.32,76485.4,60.505
2/19/2015,29522.86,75879.9,60.325
2/20/2015,29462.09,76387.3,60.673
2/23/2015,29362.96,76235.9,61.045
2/24/2015,29130.67,75554.9,60.945
2/25/2015,29269.83,74924.5,61.025
2/26/2015,29069.13,75289.2,61.175
2/27/2015,29254.02,75265.8,61.165
2/28/2015,29560.32,75223,61.043
3/2/2015,29576.32,74267.4,61.22
3/3/2015,29636.86,74209.6,60.9
3/4/2015,30024.74,73834.2,60.945
3/5/2015,29518.32,74487,61.055
3/9/2015,29321.06,74265,61.065
3/10/2015,28949.11,74536.4,61.42
3/11/2015,28843.23,74645.6,61.625
3/12/2015,28971.01,75145.6,61.62
3/13/2015,29183.76,75374.3,61.94
3/16/2015,28581.82,74948.6,61.965
3/17/2015,28784.35,74595.3,61.72
3/18/2015,28806.97,73564.2,61.545
3/19/2015,28978.74,73610.4,61.545
3/20/2015,28484.36,74191.5,61.485
3/23/2015,28385.14,74659.9,61.525
3/24/2015,28455.32,74733.6,61.145
3/25/2015,28249.6,74773.5,61.365
3/26/2015,27997.14,74926,61.315
3/27/2015,27694.41,75841.4,61.48
3/30/2015,28017.97,75976.3,61.41
3/31/2015,28180.64,76567.2,61.94
4/1/2015,28298.34,75955.7,61.765
4/6/2015,28530.81,76250.5,61.385
4/7/2015,28641.08,76665.3,61.377
4/8/2015,28763.06,76142.4,61.315
4/9/2015,28906.71,75456.6,61.21
4/10/2015,28907.81,75375.9,61.17
4/13/2015,29072.51,75322.4,61.375
4/15/2015,29094.61,75180.9,61.425
4/16/2015,28876.23,74927.1,61.375
4/17/2015,28696.19,73784.8,61.555
4/20/2015,28539.46,71630.5,61.615
4/21/2015,27976.93,71391.8,61.51
4/22/2015,27947.26,71576.4,61.415
4/23/2015,28087.78,70267.3,61.545
4/24/2015,27829.11,70394.6,61.515
4/27/2015,27567.28,70909.4,61.7
4/28/2015,27482.14,71474.6,61.57
4/29/2015,27438.96,71194.1,61.65
4/30/2015,27242.05,71523.6,61.57
5/4/2015,27537.85,71528.9,61.635
5/5/2015,27603.71,72302.6,61.86
5/6/2015,27501.15,73131.7,61.83
5/7/2015,26850.37,73688.1,61.885
5/8/2015,27196.28,74062.3,62.008
5/11/2015,27544.24,73690.8,62.23
5/12/2015,27502.91,74139,61.905
5/13/2015,27299.8,74065.4,61.975
5/14/2015,27293.99,74176.1,62.045
5/15/2015,27379.57,74023.5,61.913
5/18/2015,27725.97,73883.3,61.938
5/19/2015,27872.23,73561.1,62.25
5/20/2015,27903.01,74016.1,62.24
5/21/2015,27911.44,74018.9,62.02
5/22/2015,28071.16,74543.9,61.97
5/25/2015,27903.29,74800.8,61.965
5/26/2015,27675.94,73872.8,61.918
5/27/2015,27595.8,73775.1,62.01
5/28/2015,27666.37,75999.2,61.955
5/29/2015,27888.32,76339.3,62.115
6/1/2015,27959.43,75887.9,62.48
6/2/2015,27902.53,76099,62.535
6/3/2015,27276.22,76575.8,63.175
6/4/2015,26948.84,76929.9,63.66
6/5/2015,27014.42,76108.3,63.89
6/8/2015,26827.06,75537,63.4
6/9/2015,26604.65,75639.3,63.34
6/10/2015,26934.74,75587.6,63.33
6/11/2015,27000.14,74430.9,63.51
6/12/2015,26489.58,74430.9,63.565
6/15/2015,26728.6,74707.2,63.52
6/16/2015,26731.35,74802.4,63.69
6/17/2015,26983.48,75409.7,63.715
6/18/2015,27175.39,76443.5,63.795
6/19/2015,27404.6,76400.1,63.39
6/22/2015,27782.31,76406.1,63.455
6/23/2015,27882.66,74181.7,63.502
6/24/2015,27948.24,76008,63.495
6/25/2015,27968.75,76965.9,63.625
6/26/2015,27921.86,76648.9,63.565
6/29/2015,27695.32,76029.5,63.205
6/30/2015,27814.53,75622.3,62.52
7/1/2015,28099.25,76202.4,62.355
7/2/2015,28115.96,76389.9,62.195
7/3/2015,28135.43,76705.9,62.235
7/6/2015,28235.31,78158.7,62.105
7/7/2015,28335.23,78840.9,62.21
7/8/2015,28031.45,78533.1,61.812
7/9/2015,27798.13,79457.9,61.905
7/10/2015,27729.46,79511.4,61.73
7/13/2015,28005.17,79837.6,61.77
7/14/2015,28018.59,79659.5,61.615
7/15/2015,28218.37,78758.4,61.52
7/16/2015,28478.43,79036.6,61.525
7/17/2015,28576.32,79109,61.54
7/20/2015,28549.13,78359.9,61.981
7/21/2015,28518.06,78156.3,62.035
7/22/2015,28546.42,78587.7,62.085
7/23/2015,28578.33,78016.9,61.85
7/24/2015,28402.64,78393.9,61.91
7/27/2015,28117.65,77725.3,61.95
7/28/2015,27676.65,76809.8,62.025
7/29/2015,27609.29,76886.7,62.22
7/30/2015,27854.46,76917.4,62.374
7/31/2015,28161.17,76264.7,62.433
8/3/2015,28263.35,75970.4,62.54
8/4/2015,28264.72,76521.6,62.224
8/5/2015,28315.71,76432.9,62.25
8/6/2015,28359.96,75163.8,62.27
8/7/2015,28335.67,75133.8,62.361
8/10/2015,28417.59,75116.6,62.17
8/11/2015,28205.12,75263.1,62.29
8/12/2015,27883.33,74901.8,62.33
8/13/2015,27791.1,74143.7,62.36
8/14/2015,28100.64,74630,62.113
8/17/2015,28095.97,74658.4,62
8/18/2015,28040.73,74979.7,61.92
8/19/2015,28021.39,75035,62
8/20/2015,27964.6,74968,61.972
8/21/2015,27442.82,74691.7,62.391
8/24/2015,26730.4,74835.9,62.43
8/25/2015,26124.83,73719.5,62.463
8/26/2015,26156.61,73241.6,62.8
8/27/2015,26302.77,72863.8,62.836
8/28/2015,26687.33,72183.8,62.88
8/31/2015,26504.73,71937.9,62.796
9/1/2015,26141.07,72633.6,63.126
9/2/2015,25939.37,72322.9,63.138
9/3/2015,25835.41,72163.5,62.85
9/4/2015,25775.38,71976.2,62.79
9/7/2015,25387.32,72857.5,62.685
9/8/2015,25411,73695.3,62.595
9/9/2015,25820.56,73826.3,62.415
9/10/2015,25733.7,74368.1,62.421
9/11/2015,25875.96,74617.4,62.454
9/14/2015,25891.73,75636,62.843
9/15/2015,25909.83,74728.4,62.851
9/16/2015,26006.75,74117.5,62.7
9/18/2015,26471.82,74205.3,62.68
9/21/2015,26233.46,74567.1,62.402
9/22/2015,26339.1,74462.8,62.24
9/23/2015,25934.02,74325,62.14
9/24/2015,25949.9,74571.9,62.24
9/28/2015,25936.89,75495,62.425
9/29/2015,26054.37,75121.1,62.372
9/30/2015,26179.7,74292.7,62.337
10/1/2015,26431.8,75151.5,62.43
10/5/2015,26822.42,74763.4,62.575
10/6/2015,27010.27,74373.8,62.422
10/7/2015,27082.28,74395.2,62.46
10/8/2015,27120.11,75031,62.407
10/9/2015,27200.44,75137.8,62.55
10/12/2015,27305.04,75362.8,63.167
10/13/2015,26918.52,75327.8,63.165
10/14/2015,26869.08,74868,63.02
10/15/2015,27037.95,75141,63.43
10/16/2015,27239.22,75200.9,63.683
10/19/2015,27387.91,76147.8,63.78
10/20/2015,27432.07,76366.5,63.47
10/21/2015,27445.24,76566,63.502
10/23/2015,27555.06,75108.8,63.74
10/26/2015,27618.14,74690.5,63.72
10/27/2015,27296.3,74878.6,63.693
10/28/2015,27163.98,75923.3,63.62
10/29/2015,27099.11,75865.9,63.685
10/30/2015,26942.29,76163.9,64.29
11/2/2015,26824.3,75654.9,64.23
11/3/2015,26732.24,75950.3,64.022
11/4/2015,26800.06,76656.3,64.39
11/5/2015,26557.8,77405.4,64.281
11/6/2015,26438.86,77842.6,64.063
11/9/2015,26193.17,77709.2,63.662
11/10/2015,26094.09,77992,63.75
11/11/2015,25944.93,77376.4,63.85
11/13/2015,25724.09,77320.7,63.9
11/16/2015,25866.42,76668.1,63.75
11/17/2015,25948.2,76547,63.681
11/18/2015,25890.36,76540.4,63.68
11/19/2015,25884.52,75831.2,64.02
11/20/2015,26058.76,75994,64.17
11/23/2015,25958.04,75657.5,64
11/24/2015,25901.56,76035.1,63.946
11/26/2015,26016.04,76342.4,63.841
11/27/2015,26184.65,76092.3,63.97
11/30/2015,26231.06,76130.2,64.08
12/1/2015,26246.02,75352.2,64.27
12/2/2015,26256.42,74511.1,64.035
12/3/2015,26123.86,75191.7,64.18
12/4/2015,25810.06,75314.7,64.09
12/7/2015,25785.53,75935.6,64.071
12/8/2015,25542.47,75400.4,64.03
12/9/2015,25316.95,75895.5,64.2
12/10/2015,25289.58,75733.6,64.2
12/11/2015,25316.14,75729.3,64.33
12/14/2015,25194.15,75619.4,64.28
12/15/2015,25342.78,76632.4,63.95
12/16/2015,25572.9,76450.8,63.87
12/17/2015,25831.31,75301.8,63.59
12/18/2015,25789.51,74987.9,63.695
12/21/2015,25757.84,74657.5,63.71
12/22/2015,25787.21,74581.7,63.65
12/23/2015,25875.27,74414.5,63.67
12/24/2015,25922.47,75105.2,63.95
12/28/2015,26073.41,74528.3,63.81
12/29/2015,26133.78,74353.7,63.712
12/30/2015,26130.2,73911.8,63.68
12/31/2015,26147.63,74345.9,63.5
1/1/2016,26197.27,73902.2,63.64
1/4/2016,26116.52,73393,63.582
1/5/2016,25766.76,73673.6,63.66
1/6/2016,25632.57,73799.5,63.59
1/7/2016,25230.35,73481.1,63.49
1/8/2016,25083.55,73250.1,63.6
1/11/2016,24961.88,73279.6,63.6
1/12/2016,24882.3,72980.4,63.61
1/13/2016,24956.54,72708.3,63.564
1/14/2016,25018.46,71890.9,63.54
1/15/2016,24912.64,70375.2,63.75
1/18/2016,24524.85,70344.9,63.76
1/19/2016,24563.34,69278.5,63.68
1/20/2016,24325.77,69986.7,63.93
1/21/2016,24351.83,69271.7,64.18
1/22/2016,24472.88,70659.6,64.27
1/25/2016,24650.57,70011,64.243
1/27/2016,24645.7,69655,63.95
1/28/2016,24587.2,69692.4,64.16
1/29/2016,24911.9,70445.9,64.22
2/1/2016,25002.32,69854.3,64.19
2/2/2016,24928.75,69571.5,64.178
2/3/2016,24409.26,69117.6,63.94
2/4/2016,24514.01,69497.7,63.83
2/5/2016,24672.9,69917.3,63.97
2/8/2016,24698.95,69939.2,63.92
2/9/2016,24111.19,71182.9,64.392
2/10/2016,23938.32,72438.5,64.96
2/11/2016,23758.46,72908.1,65.34
2/12/2016,23161.15,72682.9,65.38
2/15/2016,23622.64,73052,65.461
2/16/2016,23692.08,72752.2,65.5
2/17/2016,23434.91,73508.3,65.45
2/18/2016,23735.35,75192.7,65.7
2/19/2016,23774.48,76300.1,66.045
2/22/2016,23855.04,77747.2,66.816
2/23/2016,23851.51,75219.5,66.91
2/24/2016,23338.89,74151.1,66.39
2/25/2016,23142.96,73912.2,66.16
2/26/2016,23227.91,75129.1,66.26
2/29/2016,23343.22,75383.3,66.5
3/1/2016,23821.49,75782.5,66.47
3/2/2016,24280.42,75346.4,66.474
3/3/2016,24640.51,74721,66.3
3/4/2016,24719.05,74602.9,66.785
3/8/2016,24793.62,74816.2,66.907
3/9/2016,24820.76,74577.8,66.913
3/10/2016,24817.48,73760.6,66.65
3/11/2016,24817.8,73847.2,66.77
3/14/2016,24960.51,73161.5,66.59
3/15/2016,24840.77,73289.1,66.5
3/16/2016,24706.85,73443.9,66.48
3/17/2016,24948.3,74243.3,66.52
3/18/2016,24986.94,73994.1,66.301
3/21/2016,25327.45,75138.1,66.26
3/22/2016,25381.33,74459.1,65.95
3/23/2016,25367.81,74060.9,65.97
3/28/2016,25432.94,74697.4,66.186
3/29/2016,25079.35,76606.8,66.38
3/30/2016,25358.84,75842.9,66.242
3/31/2016,25479.62,74837.1,66.274
4/1/2016,25354.94,74754.8,66.441
4/4/2016,25424.15,73039.4,65.955
4/5/2016,25372.44,73360.5,65.68
4/6/2016,25000.65,74715.7,65.7
4/7/2016,25013.13,74368.7,65.34
4/8/2016,24736.03,74993.7,65.44
4/11/2016,25049.92,74263.9,65.37
4/12/2016,25180.02,74170.7,65.188
4/13/2016,25671.5,74668.8,65.004
4/18/2016,25870.03,75395.8,64.89
4/20/2016,25956.34,75865,65.192
4/21/2016,26080.07,76161.5,65.185
4/22/2016,25922.02,76790.3,64.921
4/25/2016,25891.03,76483.7,65.03
4/26/2016,26055,76082.5,64.937
4/27/2016,26092.93,76531.4,65.07
4/28/2016,26100.54,76051.7,65.23
4/29/2016,25755.43,75957.7,65.173
5/2/2016,25565.44,75305.9,65.06
5/3/2016,25705.96,75695.9,65.025
5/4/2016,25245.7,75793.8,65.117
5/5/2016,25394.1,76696.4,65.12
5/6/2016,25260.48,75089.7,65.47
5/9/2016,25709.68,74721.1,65.453
5/10/2016,25809.93,74390.4,65.665
5/11/2016,25762.49,74601.3,65.795
5/12/2016,25827.03,73079.7,65.63
5/13/2016,25743.69,72783.5,65.9
5/16/2016,25688.46,71603.3,66.14
5/17/2016,25927.31,72398.5,66.5
5/18/2016,25747,72080.2,66.49
5/19/2016,25714.56,71902.9,66.07
5/20/2016,25506.06,71839.1,66.165
5/23/2016,25519.26,71525,66.24
5/24/2016,25340.47,71571.8,66.26
5/25/2016,25897.87,71211,66.095
5/26/2016,26398.94,70743.8,66.325
5/27/2016,26677.43,71704.9,66.24
5/30/2016,26794.96,71640,66.28
5/31/2016,26837.2,71076.9,66.485
6/1/2016,26857.25,71445,66.505
6/2/2016,26885.16,70859.7,66.399
6/3/2016,27008.14,71296.5,66.675
6/6/2016,26901.42,70607.9,66.91
6/7/2016,27082.63,70808.6,66.945
6/8/2016,27105.41,70827.8,66.61
6/9/2016,26994.91,70283.3,66.68
6/10/2016,26972.06,70371.1,66.898
6/13/2016,26468.27,72145.7,66.995
6/14/2016,26485.45,71758,66.867
6/15/2016,26752.59,71643.1,66.895
6/16/2016,26686.03,72246.5,66.96
6/17/2016,26730.55,71506.4,66.935
6/20/2016,26885.49,71879,67.148
6/21/2016,26925.64,71759.7,67.18
6/22/2016,26887.29,70941.1,67.135
6/23/2016,27060.98,71739.6,66.947
6/24/2016,26435.85,69528,66.685
6/27/2016,26493.51,70449.1,66.535
6/28/2016,26583.33,71535.1,66.385
6/29/2016,26776.17,71250.8,66.36
6/30/2016,27069.23,70688.2,66.285
7/1/2016,27243.36,70508.8,66.162
7/4/2016,27385.66,70734.2,66.03
7/5/2016,27348.66,70689.3,66.22
7/7/2016,27288.22,70964.8,66.43
7/8/2016,27294.82,70410.5,66.495
7/11/2016,27647.48,70415.8,66.484
7/12/2016,27828.74,70105.8,66.267
7/13/2016,27928.76,72011.8,66.66
7/14/2016,27967.77,71723.9,66.663
7/15/2016,28048.7,72995,66.905
7/18/2016,28013.5,73987.2,66.981
7/19/2016,27826.69,73536.4,66.93
7/20/2016,27935.18,73555.4,66.965
7/21/2016,27988.76,72538.4,66.98
7/22/2016,27832.45,72712.4,66.953
7/25/2016,28110.37,73377.8,67.49
7/26/2016,28149.53,74112.5,67.869
7/27/2016,28210.88,73768.2,67.791
7/28/2016,28240.2,73464.2,67.8
7/29/2016,28233.47,74781.3,68.18
8/1/2016,28284.85,74412.9,68.12
8/2/2016,28175.22,74139.4,67.869
8/3/2016,28015.43,75029.7,67.85
8/4/2016,27921.91,75613.4,67.909
8/5/2016,28110.37,75916.2,68.185
8/8/2016,28226.38,75973.7,68.265
8/9/2016,28289.96,75533.5,68.18
8/10/2016,28143.28,76533.3,67.97
8/11/2016,27902.39,76766.2,68.043
8/12/2016,28203.27,76970.3,68.265
8/16/2016,28199.1,78256,67.895
8/17/2016,28174.3,77907.5,67.84
8/18/2016,28214.17,81207.8,68.068
8/19/2016,28212.3,81101.1,68.22
8/22/2016,28143.28,80799.8,67.996
8/23/2016,28028.98,84915.4,68.489
8/24/2016,28108.39,84660,68.496
8/25/2016,28154.21,82441.5,68.27
8/26/2016,27935.88,82765.5,68.512
8/29/2016,27952.85,82875.9,68.69
8/30/2016,28478.02,82948.7,68.6
8/31/2016,28532.25,84415,68.686
9/1/2016,28548.85,83062.5,68.725
9/2/2016,28581.58,83732.7,68.69
9/6/2016,29013.4,85746.4,68.66
9/7/2016,29067.84,85171.5,68.909
9/8/2016,29077.28,84451.3,68.86
9/9/2016,29062.9,84269.6,68.792
9/12/2016,28481.11,83865.6,68.36
9/14/2016,28416.41,83724.1,67.765
9/15/2016,28454.02,84154.3,67.46
9/16/2016,28778.64,85725.4,67.355
9/19/2016,28714.77,85110.3,67.156
9/20/2016,28698.81,85348.9,67.47
9/21/2016,28689.36,83736.9,67.515
9/22/2016,28871.92,84870.7,67.373
9/23/2016,28825.09,84800.9,67.352
9/26/2016,28630.92,83363.7,67.246
9/27/2016,28432.74,83055.3,67.415
9/28/2016,28378.56,82702,67.46
9/29/2016,28475.57,84414.8,66.958
9/30/2016,27955.21,83126.9,66.7
10/3/2016,28273.02,82851.8,66.571
10/4/2016,28404.7,83544.9,66.84
10/5/2016,28477.65,81211.5,66.956
10/6/2016,28328.56,81700.8,66.948
10/7/2016,28155.68,81410.2,66.928
10/10/2016,28216.64,81251.4,66.912
10/13/2016,28042.62,81571.9,66.66
10/14/2016,27763.54,82080.8,66.502
10/17/2016,27803.21,81982.2,66.358
10/18/2016,28064.39,80626.1,66.502
10/19/2016,28131.07,80629.7,66.387
10/20/2016,28212.5,81874.4,66.558
10/21/2016,28163.41,81437.5,66.745
10/24/2016,28256.65,82630.7,66.826
10/25/2016,28211.41,82566.8,66.787
10/26/2016,28050.55,83351.2,66.603
10/27/2016,27958.13,83326.8,66.567
10/28/2016,28000.14,82969.4,66.68
10/30/2016,28095.71,82101.6,66.69
11/1/2016,28029.8,81522.4,66.68
11/2/2016,27679.32,82150.1,66.72
11/3/2016,27600.74,83420.1,66.502
11/4/2016,27498.91,82903.1,66.36
11/7/2016,27591.15,82827.8,66.528
11/8/2016,27646.84,82821.6,66.731
11/9/2016,27397.38,82528.1,66.765
11/10/2016,27743.46,82622.1,66.852
11/11/2016,27344.85,82869.8,66.612
11/15/2016,26809.61,83467.5,66.562
11/16/2016,26621.4,85344,66.57
11/17/2016,26449.87,85405.1,66.465
11/18/2016,26349.02,85946.2,66.582
11/21/2016,26270.28,85375.3,66.689
11/22/2016,26039.7,85111,66.675
11/23/2016,26130.49,85857.7,66.715
11/24/2016,26049.14,84311.2,66.8
11/25/2016,26343.95,84199.7,66.786
11/28/2016,26413.99,85079.7,66.845
11/29/2016,26587.07,85272.2,66.781
11/30/2016,26680.55,84619.1,66.925
12/1/2016,26769.32,85978.1,66.944
12/2/2016,26463.06,85385.3,66.901
12/5/2016,26390.8,85314.9,67.169
12/6/2016,26502.43,83953.6,67.61
12/7/2016,26540.83,84642.8,67.545
12/8/2016,26733.87,84197.9,67.59
12/9/2016,26803.76,83757,67.78
12/12/2016,26725.31,82187.3,67.712
12/13/2016,26724.97,82106.9,67.415
12/14/2016,26736.34,81469.3,67.135
12/15/2016,26737.86,81698.6,67.38
12/16/2016,26594.55,81457.4,67.338
12/19/2016,26505.66,81946,67.519
12/20/2016,26435.56,81624.8,67.51
12/21/2016,26396,83020.5,67.38
12/22/2016,26248.45,83325.6,67.055
12/23/2016,26143.19,82979.5,66.97
12/26/2016,26008.57,84109.5,66.821
12/27/2016,26249.03,84333.7,66.795
12/28/2016,26415.05,85245.5,67.01
12/29/2016,26429.63,85969.9,67.22
12/30/2016,26678.6,86594.3,67.396
,,86165.9,67.353
,,88242.3,67.454
,,86635.7,67.318
,,86369.6,67.69
,,86069.8,67.755
,,85293.9,67.678
,,84975.5,67.48
,,89369.8,68.223
,,89993.9,68.09
,,88950.2,67.98
,,89234.3,67.85
,,89214.7,67.72
,,90011.1,67.514
,,90791.3,67.3
,,91023.7,67.525
,,92219.8,67.555
,,91436.8,67.539
,,91014.4,67.517
,,91071.6,67.308
,,90086.5,67.22
,,89977.7,67.225
,,88562.1,67.042
,,88945.5,67.175
,,89665.8,67.22
,,89451.1,67.24
,,88479.8,67.255
,,88741.6,67.273
,,88646.1,67.217
,,88406.5,67.48
,,89139.8,67.438
,,89318.1,67.379
,,89961.7,67.115
,,89786.5,67.113
,,90122.9,66.81
,,91004.4,66.805
,,90931.5,67.015
,,91127.1,67.01
,,89628.5,66.901
,,89328.3,66.865
,,89667.3,66.985
,,89864,66.808
,,90497.1,66.92
,,90339.8,66.926
,,89572.4,66.96
,,89861.5,66.938
,,89917.1,66.986
,,90294.2,66.916
,,90366.9,67.205
,,89769,67.37
,,90038.4,67.211
,,89055.2,67.295
,,88592.5,67.167
,,88305.5,67.161
,,88608,67.215
,,88434.7,67.155
,,87663.5,67.155
,,87756.4,67.095
,,88191.9,66.897
,,88185.7,66.665
,,88927.1,66.58
,,89432.5,66.506
,,89260.1,66.676
,,88993.9,66.895
,,88607,66.995
,,88664.4,67.148
,,88429.7,67.132
,,87701.7,67.085
,,87775.6,67.12
,,88028.7,67.08
,,88031,67.07
,,88827.2,67.145
,,89139.5,66.903
,,89217.5,66.75
,,89302.6,66.805
,,88260.5,66.712
,,87920.6,66.548
,,88152.4,66.955
,,88087.5,66.873
,,87422.2,66.61
,,85309.8,66.63
,,84461.6,66.675
,,83793.5,66.796
,,83780.5,66.89
,,83768.7,66.62
,,83679.4,66.862
,,83915.4,66.885
,,84369.9,66.99
,,83463.6,66.91
,,83835.3,66.9
,,83935.8,66.802
,,84591.7,66.775
,,84904.1,66.87
,,84731,67.005
,,84610.2,66.935
,,84866.6,66.94
,,84894.8,66.9
,,84655.5,66.963
,,85034.5,66.934
,,84937.8,66.8
,,85946.7,66.78
,,86914.5,66.87
,,86768.2,66.798
,,86988,66.805
,,85640.4,66.805
,,85334,66.748
,,85217.1,66.945
,,85017.6,66.865
,,83487.6,67.565
,,82262.7,67.786
,,83187.2,67.875
,,83556.1,68.12
,,83314.7,68.075
,,82384.3,68.25
,,82745.1,68.293
,,82948.2,68.49
,,81563.9,68.881
,,81639.3,68.87
,,81339.6,68.761
,,81587.3,68.81
,,81556.3,68.776
,,80699.9,68.71
,,79400.2,68.598
,,80073.8,68.393
,,79215.6,68.275
,,79400.5,68.158
,,79632.7,67.98
,,79014.3,67.571
,,78563.9,67.64
,,77944.3,67.649
,,78263.5,67.609
,,78485.6,67.605
,,76441,67.95
,,76792.6,67.88
,,77077.5,67.9
,,76619.6,68.111
,,76915.9,67.97
,,76862.8,68.04
,,76701,67.95
,,76653.5,67.863
,,76959,68.09
,,77441,68.261
,,77948.7,68.258
,,77810,68
,14377.962,,
,,,Difference:29.909
